id_pan,nome,nome_completo,abrangencia_taxonomica,abrangencia_geografica,ciclo,status,data_inicio,data_fim,ano_inicio,ano_fim,status_legal,site
CEMAVE_01.01,(Finalizado) Mutum-do-sudeste,Plano de Ação Nacional para a Conservação do Mutum-do-sudeste,Monoespecífico,Específico (distribuição da espécie),1º ciclo,Finalizado,2004-01-01,2014-12-01,2004,2014,Portaria com prazo expirado,https://www.gov.br/icmbio/pt-br/assuntos/biodiversidade/pan/pan-mutum-do-sudeste
CEMAVE_02.01,(Finalizado) Albatrozes e Petréis - 1º ciclo,Plano de Ação Nacional para a Conservação dos Albatrozes e Petréis,Intraclasse,Bioma,1º ciclo,Finalizado,2006-01-01,2006-01-01,2006,2006,Portaria com prazo expirado,https://www.gov.br/icmbio/pt-br/assuntos/biodiversidade/pan/pan-albatrozes-e-petreis
CEMAVE_03.01,(Finalizado) Arara-azul-de-Lear - 1º ciclo,Plano de Ação Nacional para Conservação da Arara-azul-de-lear (Anodorhynchus leari),Monoespecífico,Específico (distribuição da espécie),1º ciclo,Finalizado,2006-01-01,2011-12-01,2006,2011,Portaria com prazo expirado,https://www.gov.br/icmbio/pt-br/assuntos/biodiversidade/pan/pan-arara-azul-de-lear
CEMAVE_04.01,(Finalizado) Aves de Rapina,Plano de Ação Nacional para a Conservação de Aves de Rapina,Intraclasse,Nacional,1º ciclo,Finalizado,2006-04-04,2011-12-01,2006,2011,Portaria com prazo expirado,https://www.gov.br/icmbio/pt-br/assuntos/biodiversidade/pan/pan-aves-de-rapina
CEMAVE_18.01,(Finalizado) Pato-mergulhão - 1º ciclo,Plano de Ação Nacional para a Conservação do Pato-mergulhão,Monoespecífico,Específico (distribuição da espécie),1º ciclo,Finalizado,2014-04-08,2016-02-01,2006,2016,Portaria com prazo expirado,https://www.gov.br/icmbio/pt-br/assuntos/biodiversidade/pan/pan-pato-mergulhao
CEMAVE_05.01,(Finalizado) Galliformes,Plano de Ação Nacional para a Conservação dos Galliformes,Intraclasse,Nacional,1º ciclo,Finalizado,2007-04-25,2011-12-01,2007,2011,Portaria com prazo expirado,https://www.gov.br/icmbio/pt-br/assuntos/biodiversidade/pan/pan-galliformes
CEMAVE_06.01,(Finalizado) Mutum-de-alagoas,Plano de Ação Nacional para a Conservação do Mutum-de-alagoas,Monoespecífico,Específico (distribuição da espécie),1º ciclo,Finalizado,2007-04-25,2013-12-01,2007,2013,Portaria com prazo expirado,https://www.gov.br/icmbio/pt-br/assuntos/biodiversidade/pan/pan-mutum-de-alagoas
CBC_01.01,(Finalizado) Lepidópteros,Plano de Ação Nacional para a Conservação de Lepidópteros,Intraclasse,Nacional,1º ciclo,Finalizado,2010-08-27,2015-12-01,2010,2015,Portaria com prazo expirado,https://www.gov.br/icmbio/pt-br/assuntos/biodiversidade/pan/pan-lepidopteros
CECAV_01.01,(Finalizado) Morceguinho-do-cerrado,Plano de Ação Nacional para Conservação do Morceguinho-do-cerrado,Monoespecífico,Bioma,1º ciclo,Finalizado,2010-08-27,2015-09-01,2010,2015,Portaria com prazo expirado,https://www.gov.br/icmbio/pt-br/assuntos/biodiversidade/pan/pan-morceguinho-do-cerrado
CEMAVE_07.01,(Finalizado) Formigueiro-do-litoral,Plano de Ação Nacional para Conservação do Formigueiro-do-litoral,Monoespecífico,Específico (distribuição da espécie),1º ciclo,Finalizado,2010-08-27,2015-08-01,2010,2015,Portaria com prazo expirado,https://www.gov.br/icmbio/pt-br/assuntos/biodiversidade/pan/pan-formigueiro-do-litoral
CEMAVE_08.01,(Finalizado) Soldadinho-do-araripe - 1º ciclo,Plano de Ação Nacional para Conservação do Soldadinho-do-araripe,Monoespecífico,Específico (distribuição da espécie),1º ciclo,Finalizado,2010-08-27,2015-08-01,2010,2015,Portaria com prazo expirado,https://www.gov.br/icmbio/pt-br/assuntos/biodiversidade/pan/pan-soldadinho-do-araripe
CENAP_01.01,(Finalizado) Ariranha - 1º ciclo,Plano de Ação Nacional para a Conservação da Ariranha (Pteronura brasiliensis),Monoespecífico,Específico (distribuição da espécie),1º ciclo,Finalizado,2010-08-27,2015-08-01,2010,2015,Portaria com prazo expirado,https://www.gov.br/icmbio/pt-br/assuntos/biodiversidade/pan/pan-ariranha
CENAP_02.01,(Finalizado) Cervídeos,Plano de Ação Nacional para a Conservação dos Cervídeos Brasileiros,Intraclasse,Nacional,1º ciclo,Finalizado,2010-08-27,2015-08-01,2010,2015,Portaria com prazo expirado,https://www.gov.br/icmbio/pt-br/assuntos/biodiversidade/pan/pan-cervideos
CMA_02.01,(Finalizado) Pequenos Cetáceos,Plano de Ação Nacional para Conservação dos Pequenos Cetáceos,Intraclasse,Específico (distribuição da espécie),1º ciclo,Finalizado,2010-08-27,2015-08-01,2010,2015,Portaria com prazo expirado,https://www.gov.br/icmbio/pt-br/assuntos/biodiversidade/pan/pan-pequenos-cetaceos
CMA_03.01,(Finalizado) Toninha - 1º ciclo,Plano de Ação Nacional para Conservação da Toninha,Monoespecífico,Específico (distribuição da espécie),1º ciclo,Finalizado,2010-08-27,2015-09-01,2010,2015,Portaria com prazo expirado,https://www.gov.br/icmbio/pt-br/assuntos/biodiversidade/pan/pan-toninha
CMA_04.01,(Finalizado) Sirênios,Plano de Ação Nacional para a Conservação dos Sirênios,Intraclasse,Específico (distribuição da espécie),1º ciclo,Finalizado,2010-08-27,2015-08-01,2010,2015,Portaria com prazo expirado,https://www.gov.br/icmbio/pt-br/assuntos/biodiversidade/pan/pan-sirenios
CPB_01.01,(Finalizado) Muriquis,Plano de Ação Nacional para a Conservação dos Muriquis (Brachyteles hypoxanthus e Brachyteles arachnoides),Intraclasse,Específico (distribuição da espécie),1º ciclo,Finalizado,2010-08-27,2015-08-01,2010,2015,Portaria com prazo expirado,https://www.gov.br/icmbio/pt-br/assuntos/biodiversidade/pan/pan-muriquis
CPB_02.01,(Finalizado) Ouriço Preto,Plano de Ação Nacional para a Conservação do Ouriço-preto (Chaetomys subspinosus),Monoespecífico,Específico (distribuição da espécie),1º ciclo,Finalizado,2010-08-27,2015-09-01,2010,2015,Portaria com prazo expirado,https://www.gov.br/icmbio/pt-br/assuntos/biodiversidade/pan/pan-ourico-preto
CPB_03.01,(Finalizado) Mamíferos da Mata Atlântica Central,Plano de Ação Nacional para Conservação dos Mamíferos da Mata Atlântica Central,Intraclasse,Bioma,1º ciclo,Finalizado,2010-12-23,2015-12-23,2010,2015,Portaria com prazo expirado,https://www.gov.br/icmbio/pt-br/assuntos/biodiversidade/pan/pan-mamiferos-da-mata-atlantica-central
RAN_01.01,(Finalizado) Herpetofauna Insular,Plano de Ação Nacional para a Conservação da Herpetofauna Insular Ameaçada de Extinção,Multiclasse,Ecossistema,1º ciclo,Finalizado,2010-08-27,2015-12-01,2010,2015,Portaria com prazo expirado,https://www.gov.br/icmbio/pt-br/assuntos/biodiversidade/pan/pan-herpetofauna-insular
TAMAR_01.01,(Finalizado) Tartarugas Marinhas  - 1º ciclo,Plano de Ação Nacional para a Conservação das Tartarugas Marinhas,Intraclasse,Bioma,1º ciclo,Finalizado,2010-12-23,2015-12-01,2010,2015,Portaria com prazo expirado,https://www.gov.br/icmbio/pt-br/assuntos/biodiversidade/pan/pan-tartarugas-marinhas
CEMAVE_09.01,(Finalizado) Papagaios da Mata Atlântica - 1º ciclo,Plano de Ação Nacional para a Conservação dos Papagaios,Intraclasse,Bioma,1º ciclo,Finalizado,2010-12-14,2016-01-01,2010,2016,Portaria com prazo expirado,https://www.gov.br/icmbio/pt-br/assuntos/biodiversidade/pan/pan-papagaios
CENAP_03.01,(Finalizado) Onça-pintada,Plano de Ação Nacional para Conservação da Onça-pintada,Monoespecífico,Específico (distribuição da espécie),1º ciclo,Finalizado,2010-12-14,2017-06-01,2010,2017,Portaria com prazo expirado,https://www.gov.br/icmbio/pt-br/assuntos/biodiversidade/pan/pan-onca-pintada
CEPTA_01.01,(Finalizado) Paraíba do Sul - 1º ciclo,Plano de Ação Nacional para Conservação das Espécies Aquáticas Ameaçadas de Extinção do Rio Paraíba do Sul,Multiclasse,Bacia,1º ciclo,Finalizado,2010-12-14,2020-12-01,2010,2020,Portaria com prazo expirado,https://www.gov.br/icmbio/pt-br/assuntos/biodiversidade/pan/pan-paraiba-do-sul
CMA_01.01,(Finalizado) Grandes Cetáceos e Pinípedes,Plano de Ação Nacional para Conservação dos Mamíferos Aquáticos Grandes Cetáceos e Pinípedes,Multiclasse,Bioma,1º ciclo,Finalizado,2010-08-27,2020-08-01,2010,2020,Portaria com prazo expirado,https://www.gov.br/icmbio/pt-br/assuntos/biodiversidade/pan/pan-grandes-cetaceos-e-pinipedes
CPB_04.01,(Finalizado) Sauim-de-coleira  - 1º ciclo,Plano de Ação Nacional para a Conservação do Sauim-de-coleira,Monoespecífico,Específico (distribuição da espécie),1º ciclo,Finalizado,2011-12-02,2016-12-01,2011,2016,Portaria com prazo expirado,https://www.gov.br/icmbio/pt-br/assuntos/biodiversidade/pan/pan-sauim-de-coleira
CPB_05.01,(Finalizado) Primatas do Nordeste - 1º ciclo,Plano de Ação Nacional para a Conservação dos Primatas do Nordeste,Intraclasse,Bioma,1º ciclo,Finalizado,2012-03-23,2016-12-01,2012,2016,Portaria com prazo expirado,https://www.gov.br/icmbio/pt-br/assuntos/biodiversidade/pan/pan-primatas-do-nordeste
CECAV_02.01,(Finalizado) Cavernas do Rio São Francisco,Plano de Ação Nacional para a Conservação do Patrimônio Espeleológico nas Áreas Cársticas da Bacia do Rio São Francisco,Multiclasse,Ecossistema,1º ciclo,Finalizado,2012-02-17,2017-02-01,2012,2017,Portaria com prazo expirado,https://www.gov.br/icmbio/pt-br/assuntos/biodiversidade/pan/pan-cavernas
CEMAVE_10.02,(Finalizado) Albatrozes e Petréis - 2º ciclo,Plano de Ação Nacional para a Conservação dos Albatrozes e Petréis,Intraclasse,Bioma,2º ciclo,Finalizado,2012-02-17,2017-02-01,2012,2017,Portaria com prazo expirado,https://www.gov.br/icmbio/pt-br/assuntos/biodiversidade/pan/pan-albatrozes-e-petreis
CEMAVE_11.01,(Finalizado) Ararinha-azul - 1º ciclo,Plano de Ação Nacional para a Conservação da Ararinha-azul,Monoespecífico,Específico (distribuição da espécie),1º ciclo,Finalizado,2012-02-17,2017-02-01,2012,2017,Portaria com prazo expirado,https://www.gov.br/icmbio/pt-br/assuntos/biodiversidade/pan/pan-ararinha-azul
CEMAVE_12.01,(Finalizado) Passeriformes dos Campos Sulinos - 1º ciclo,Plano de Ação Nacional para a Conservação das Aves dos Campos Sulinos,Intraclasse,Ecossistema,1º ciclo,Finalizado,2012-02-17,2017-02-01,2012,2017,Portaria com prazo expirado,https://www.gov.br/icmbio/pt-br/assuntos/biodiversidade/pan/pan-aves-dos-campos-sulinos
CEMAVE_13.01,(Finalizado) Aves da Caatinga - 1º ciclo,Plano de Ação Nacional para Conservação das Aves da Caatinga,Intraclasse,Bioma,1º ciclo,Finalizado,2012-03-23,2017-02-01,2012,2017,Portaria com prazo expirado,https://www.gov.br/icmbio/pt-br/assuntos/biodiversidade/pan/pan-aves-da-caatinga
CENAP_04.01,(Finalizado) Onça-parda,Plano de Ação Nacional para Conservação da Onça-parda,Monoespecífico,Específico (distribuição da espécie),1º ciclo,Finalizado,2012-03-23,2017-02-01,2012,2017,Portaria com prazo expirado,https://www.gov.br/icmbio/pt-br/assuntos/biodiversidade/pan/pan-onca-parda
CENAP_05.01,(Finalizado) Lobo-guará,Plano de Ação Nacional para a Conservação do Lobo-guará,Monoespecífico,Específico (distribuição da espécie),1º ciclo,Finalizado,2012-04-02,2017-06-01,2012,2017,Portaria com prazo expirado,https://www.gov.br/icmbio/pt-br/assuntos/biodiversidade/pan/pan-lobo-guara
RAN_02.01,(Finalizado) Herpetofauna da Serra do Espinhaço,Plano de Ação Nacional para Conservação da Herpetofauna Ameaçada da Serra do Espinhaço,Multiclasse,Ecossistema,1º ciclo,Finalizado,2012-02-17,2017-03-01,2012,2017,Portaria com prazo expirado,https://www.gov.br/icmbio/pt-br/assuntos/biodiversidade/pan/pan-herpetofauna-do-espinhaco
RAN_03.01,(Finalizado) Herpetofauna do Sul,Plano de Ação Nacional para Conservação de Répteis e Anfíbios Ameaçados da Região Sul do Brasil,Multiclasse,Bioma,1º ciclo,Finalizado,2012-02-17,2017-02-01,2012,2017,Portaria com prazo expirado,https://www.gov.br/icmbio/pt-br/assuntos/biodiversidade/pan/pan-herpetofauna-do-sul
CEPAM_01.01,(Finalizado) Baixo e Médio Xingu,Plano de Ação Nacional para Conservação das Espécies Endêmicas Ameaçadas de Extinção da Fauna da Região do Baixo e Médio Xingu,Multiclasse,Bacia,1º ciclo,Finalizado,2012-02-17,2019-03-11,2012,2019,Portaria com prazo expirado,https://www.gov.br/icmbio/pt-br/assuntos/biodiversidade/pan/pan-xingu
CEPTA_02.01,(Finalizado) Mogi/Pardo/Sapucaí-Mirim/Grande - 1º ciclo,Plano de Ação Nacional para a Conservação das Espécies da Fauna Aquática Ameaçadas de Extinção do Ecossistema Mogi/Pardo/Sapucaí-Mirim/Grande,Multiclasse,Bacia,1º ciclo,Finalizado,2012-02-17,2020-02-01,2012,2020,Portaria com prazo expirado,https://www.gov.br/icmbio/pt-br/assuntos/biodiversidade/pan/pan-mogi-pardo-sapucai-mirim-grande
CEMAVE_14.01,(Finalizado) Aves Limícolas Migratórias - 1º ciclo,Plano de Ação Nacional para Conservação das Aves Limícolas Migratórias,Intraclasse,Nacional,1º ciclo,Finalizado,2013-07-05,2018-12-01,2013,2018,Portaria com prazo expirado,https://www.gov.br/icmbio/pt-br/assuntos/biodiversidade/pan/pan-aves-limicolas-migratorias
CENAP_06.01,(Finalizado) Cachorro-vinagre,"Plano de Ação Nacional para Conservação do Cachorro Vinagre, Speothos venaticus",Monoespecífico,Específico (distribuição da espécie),1º ciclo,Finalizado,2013-07-05,2018-06-01,2013,2018,Portaria com prazo expirado,https://www.gov.br/icmbio/pt-br/assuntos/biodiversidade/pan/pan-cachorro-vinagre
CEPTA_03.01,(Finalizado) Rivulideos - 1º ciclo,Plano de Ação Nacional para a Conservação dos Peixes Rivulídeos Ameaçados de Extinção,Multiclasse,Nacional,1º ciclo,Finalizado,2013-06-19,2018-05-01,2013,2018,Portaria com prazo expirado,https://www.gov.br/icmbio/pt-br/assuntos/biodiversidade/pan/pan-rivulideos
RAN_04.01,(Finalizado) Herpetofauna da MA do Nordeste,Plano de Ação Nacional para a Conservação da Herpetofauna Ameaçada do Nordeste,Multiclasse,Bioma,1º ciclo,Finalizado,2013-07-01,2018-07-01,2013,2018,Portaria com prazo expirado,https://www.gov.br/icmbio/pt-br/assuntos/biodiversidade/pan/pan-herpetofauna-do-nordeste
CEMAVE_15.02,(Finalizado) Arara-azul-de-Lear - 2º ciclo,Plano de Ação Nacional para Conservação da Arara-azul-de-lear (Anodorhynchus leari),Monoespecífico,Específico (distribuição da espécie),2º ciclo,Finalizado,2014-03-27,2017-02-01,2014,2017,Portaria com prazo expirado,https://www.gov.br/icmbio/pt-br/assuntos/biodiversidade/pan/pan-arara-azul-de-lear
CENAP_07.01,(Finalizado) Pequenos Felinos - 1º ciclo,Plano de Ação Nacional para a Conservação dos Pequenos Felinos,Intraclasse,Nacional,1º ciclo,Finalizado,2014-03-27,2018-06-01,2014,2018,Portaria com prazo expirado,https://www.gov.br/icmbio/pt-br/assuntos/biodiversidade/pan/pan-pequenos-felinos
CEMAVE_17.01,(Finalizado) Aves do Cerrado e Pantanal - 1º ciclo,Plano de Ação Nacional para Conservação das Aves do Cerrado e Pantanal,Intraclasse,Bioma,1º ciclo,Finalizado,2014-03-27,2019-01-01,2014,2019,Portaria com prazo expirado,https://www.gov.br/icmbio/pt-br/assuntos/biodiversidade/pan/pan-aves-do-cerrado-e-pantanal
CEPSUL_01.01,(Finalizado) Tubarões - 1º ciclo,Plano de Ação Nacional para a Conservação dos Tubarões e Raias Marinhas Ameaçados de Extinção,Intraclasse,Bioma,1º ciclo,Finalizado,2014-12-04,2019-07-01,2014,2019,Portaria com prazo expirado,https://www.gov.br/icmbio/pt-br/assuntos/biodiversidade/pan/pan-tubaroes
CPB_06.01,(Finalizado) Tatu-bola,Plano de Ação Nacional para Conservação do Tatu-bola,Monoespecífico,Específico (distribuição da espécie),1º ciclo,Finalizado,2014-05-22,2019-06-01,2014,2019,Portaria com prazo expirado,https://www.gov.br/icmbio/pt-br/assuntos/biodiversidade/pan/pan-tatu-bola
CEMAVE_16.01,(Finalizado) Aves da Amazônia - 1º ciclo,Plano de Ação Nacional para Conservação das Aves da Amazônia,Intraclasse,Bioma,1º ciclo,Finalizado,2014-03-27,2021-02-01,2014,2021,Portaria com prazo expirado,https://www.gov.br/icmbio/pt-br/assuntos/biodiversidade/pan/pan-aves-da-amazonia
CEPTA_04.01,(Finalizado) São Francisco - 1º ciclo,Plano de Ação Nacional para Conservação das Espécies Ameaçadas de Extinção da Fauna Aquática da Bacia do Rio São Francisco,Intraclasse,Bacia,1º ciclo,Finalizado,2015-05-27,2020-05-27,2015,2020,Portaria com prazo expirado,https://www.gov.br/icmbio/pt-br/assuntos/biodiversidade/pan/pan-sao-francisco
CNPT_01.01,(Finalizado) Manguezal,Plano de Ação Nacional para Conservação das Espécies Ameaçadas e de Importância Socioeconômica do Ecossistema Manguezal,Multiclasse,Ecossistema,1º ciclo,Finalizado,2015-01-29,2020-01-01,2015,2020,Portaria com prazo expirado,https://www.gov.br/icmbio/pt-br/assuntos/biodiversidade/pan/pan-manguezal
RAN_05.01,(Finalizado) Quelônios Amazônicos,Plano de Ação Nacional para Conservação dos Quelônios Amazônicos,Intraclasse,Bioma,1º ciclo,Finalizado,2015-04-04,2020-01-01,2015,2020,Portaria com prazo expirado,https://www.gov.br/icmbio/pt-br/assuntos/biodiversidade/pan/pan-quelonios
RAN_06.01,(Finalizado) Herpetofauna da MA do Sudeste,Plano de Ação Nacional para Conservação da Herpetofauna Ameaçada de Extinção da Mata Atlântica da Região Sudeste do Brasil,Multiclasse,Bioma,1º ciclo,Finalizado,2015-10-06,2020-12-01,2015,2020,Portaria com prazo expirado,https://www.gov.br/icmbio/pt-br/assuntos/biodiversidade/pan/pan-herpetofauna-do-sudeste
CENAP_08.02,(Finalizado) Ariranha - 2º ciclo,Plano de Ação Nacional para a Conservação da Ariranha (Pteronura brasiliensis),Monoespecífico,Específico (distribuição da espécie),2º ciclo,Finalizado,2016-08-24,2020-12-01,2016,2020,Portaria com prazo expirado,https://www.gov.br/icmbio/pt-br/assuntos/biodiversidade/pan/pan-ariranha
CEMAVE_19.02,(Finalizado) Soldadinho-do-araripe - 2º ciclo,Plano de Ação Nacional para Conservação do Soldadinho-do-araripe,Monoespecífico,Específico (distribuição da espécie),2º ciclo,Finalizado,2016-09-29,2021-10-01,2016,2021,Portaria com prazo expirado,https://www.gov.br/icmbio/pt-br/assuntos/biodiversidade/pan/pan-soldadinho-do-araripe
CEPSUL_02.01,(Finalizado) Corais,Plano de Ação Nacional para a Conservação dos Ambientes Coralíneos,Multiclasse,Ecossistema,1º ciclo,Finalizado,2016-03-09,2021-02-01,2016,2021,Portaria com prazo expirado,https://www.gov.br/icmbio/pt-br/assuntos/biodiversidade/pan/pan-corais
CEMAVE_20.01,(Finalizado) Aves da Mata Atlântica - 1º ciclo,Plano de Ação Nacional para Conservação das Aves da Mata Atlântica,Intraclasse,Bioma,1º ciclo,Finalizado,2017-01-24,2022-02-01,2017,2022,Portaria com prazo expirado,https://www.gov.br/icmbio/pt-br/assuntos/biodiversidade/pan/pan-aves-da-mata-atlantica
CEMAVE_21.02,(Finalizado) Papagaios - 2º ciclo,Plano de Ação Nacional para a Conservação dos Papagaios,Intraclasse,Nacional,2º ciclo,Finalizado,2017-08-17,2022-08-01,2017,2022,Portaria com prazo expirado,https://www.gov.br/icmbio/pt-br/assuntos/biodiversidade/pan/pan-papagaios
CEPTA_05.01,(Finalizado) Baixo Iguaçu - 1º ciclo,Plano de Ação Nacional para a Conservação das Espécies Ameaçadas de Extinção da Fauna Aquática e Semiaquática da Bacia do Baixo Iguaçu,Multiclasse,Bacia,1º ciclo,Finalizado,2017-11-24,2022-12-01,2017,2022,Portaria com prazo expirado,https://www.gov.br/icmbio/pt-br/assuntos/biodiversidade/pan/pan-baixo-iguacu
CEMAVE_22.02,(Finalizado) Aves dos Campos Sulinos - 2º ciclo,Plano de Ação Nacional para a Conservação das Aves dos Campos Sulinos,Intraclasse,Ecossistema,2º ciclo,Finalizado,2017-12-26,2023-02-01,2017,2023,Portaria com prazo expirado,https://www.gov.br/icmbio/pt-br/assuntos/biodiversidade/pan/pan-aves-dos-campos-sulinos
CPB_07.01,(Finalizado) Primatas Amazônicos - 1º ciclo,Plano de Ação Nacional para a Conservação dos Primatas Amazônicos,Intraclasse,Bioma,1º ciclo,Finalizado,2017-12-01,2023-01-01,2017,2023,Portaria com prazo expirado,https://www.gov.br/icmbio/pt-br/assuntos/biodiversidade/pan/pan-primatas-amazonicos
TAMAR_02.02,(Finalizado) Tartarugas Marinhas - 2º ciclo,Plano de Ação Nacional para a Conservação das Tartarugas Marinhas,Intraclasse,Bioma,2º ciclo,Finalizado,2017-04-26,2023-05-01,2017,2023,Portaria com prazo expirado,https://www.gov.br/icmbio/pt-br/assuntos/biodiversidade/pan/pan-tartarugas-marinhas
CPB_08.02,(Finalizado) Primatas do Nordeste - 2º ciclo,Plano de Ação Nacional para a Conservação dos Primatas do Nordeste,Intraclasse,Bioma,2º ciclo,Finalizado,2018-03-27,2022-12-01,2018,2022,Portaria com prazo expirado,https://www.gov.br/icmbio/pt-br/assuntos/biodiversidade/pan/pan-primatas-do-nordeste
CEMAVE_23.02,(Finalizado) Pato-mergulhão - 2º ciclo,Plano de Ação Nacional para a Conservação do Pato-mergulhão,Monoespecífico,Específico (distribuição da espécie),2º ciclo,Finalizado,2018-02-08,2023-01-01,2018,2023,Portaria com prazo expirado,https://www.gov.br/icmbio/pt-br/assuntos/biodiversidade/pan/pan-pato-mergulhao
CEMAVE_24.01,(Finalizado) Aves Marinhas,Plano de Ação Nacional para a Conservação das Aves Marinhas,Intraclasse,Bioma,1º ciclo,Finalizado,2018-04-04,2023-03-01,2018,2023,Portaria com prazo expirado,https://www.gov.br/icmbio/pt-br/assuntos/biodiversidade/pan/pan-aves-marinhas
CEMAVE_25.02,(Finalizado) Aves da Caatinga - 2º ciclo,Plano de Ação Nacional para Conservação das Aves da Caatinga,Intraclasse,Bioma,2º ciclo,Finalizado,2018-04-09,2023-02-01,2018,2023,Portaria com prazo expirado,https://www.gov.br/icmbio/pt-br/assuntos/biodiversidade/pan/pan-aves-da-caatinga
CEMAVE_26.03,(Finalizado) Albatrozes e Petréis - 3º ciclo,Plano de Ação Nacional para a Conservação dos Albatrozes e Petréis,Intraclasse,Bioma,3º ciclo,Finalizado,2018-04-24,2023-05-01,2018,2023,Portaria com prazo expirado,https://www.gov.br/icmbio/pt-br/assuntos/biodiversidade/pan/pan-albatrozes-e-petreis
CENAP_09.01,(Finalizado) Grandes Felinos,Plano de Ação Nacional para a Conservação dos Grandes Felinos,Intraclasse,Nacional,1º ciclo,Finalizado,2018-06-22,2023-12-01,2018,2023,Portaria com prazo expirado,https://www.gov.br/icmbio/pt-br/assuntos/biodiversidade/pan/pan-grandes-felinos
CENAP_10.01,(Finalizado) Canídeos - 1º ciclo,Plano de Ação Nacional para a Conservação dos Canídeos Silvestres,Intraclasse,Nacional,1º ciclo,Finalizado,2018-07-06,2023-12-01,2018,2023,Portaria com prazo expirado,https://www.gov.br/icmbio/pt-br/assuntos/biodiversidade/pan/pan-canideos
CEPENE_01.01,Peixe-boi Marinho,Plano de Ação Nacional para Conservação dos Peixes-bois Marinhos (Trichechus manatus),Monoespecífico,Específico (distribuição da espécie),1º ciclo,Em execução,2018-04-04,2023-02-01,2018,2023,Portaria com prazo expirado,https://www.gov.br/icmbio/pt-br/assuntos/biodiversidade/pan/pan-peixe-boi-marinho
CEPSUL_03.01,Lagoas do Sul,Plano de Ação Nacional para a Conservação dos Sistemas Lacustres e Lagunares do Sul do Brasil,Multiclasse,Ecossistema,1º ciclo,Em execução,2018-08-27,2023-09-01,2018,2023,Portaria com prazo expirado,https://www.gov.br/icmbio/pt-br/assuntos/biodiversidade/pan/pan-lagoas-do-sul
CPB_09.02,(Finalizado) Sauim-de-coleira - 2º ciclo,Plano de Ação Nacional para a Conservação do Sauim-de-coleira,Monoespecífico,Específico (distribuição da espécie),2º ciclo,Finalizado,2018-04-04,2023-01-01,2018,2023,Portaria com prazo expirado,https://www.gov.br/icmbio/pt-br/assuntos/biodiversidade/pan/pan-sauim-de-coleira
CPB_10.01,(Finalizado) Primatas da Mata Atlântica e da Preguiça-de-Coleira - 1º ciclo,Plano de Ação Nacional para a Conservação dos Primatas da Mata Atlântica e da Preguiça-de-Coleira,Intraclasse,Bioma,1º ciclo,Finalizado,2018-08-07,2023-07-01,2018,2023,Portaria com prazo expirado,https://www.gov.br/icmbio/pt-br/assuntos/biodiversidade/pan/pan-primatas-ma-e-preguica-de-coleira
RAN_07.01,(Finalizado) CERPAN,"Plano de Ação Nacional para Conservação das Espécies Ameaçadas de Extinção da Ictiofauna, Herpetofauna e Primatas do Cerrado e Pantanal",Multiclasse,Bioma,1º ciclo,Finalizado,2018-04-09,2023-05-01,2018,2023,Portaria com prazo expirado,https://www.gov.br/icmbio/pt-br/assuntos/biodiversidade/pan/pan-cerpan
RAN_08.02,(Finalizado) Herpetofauna do Espinhaço Mineiro - 2º ciclo,Plano de Ação Nacional para Conservação da Herpetofauna Ameaçada da Serra do Espinhaço,Multiclasse,Ecossistema,2º ciclo,Finalizado,2018-04-24,2023-12-01,2018,2023,Portaria com prazo expirado,https://www.gov.br/icmbio/pt-br/assuntos/biodiversidade/pan/pan-herpetofauna-do-espinhaco
RAN_10.02,Herpetofauna do Nordeste - 2º ciclo,Plano de Ação Nacional para a Conservação da Herpetofauna Ameaçada do Nordeste,Multiclasse,Bioma,2º ciclo,Em execução,2018-12-28,2024-01-01,2018,2024,Portaria com prazo expirado,https://www.gov.br/icmbio/pt-br/assuntos/biodiversidade/pan/pan-herpetofauna-do-nordeste
CEMAVE_27.02,(Finalizado) Ararinha-azul - 2º ciclo,Plano de Ação Nacional para a Conservação da Ararinha-azul,Monoespecífico,Específico (distribuição da espécie),2º ciclo,Finalizado,2019-07-25,2024-07-01,2019,2024,Portaria com prazo expirado,https://www.gov.br/icmbio/pt-br/assuntos/biodiversidade/pan/pan-ararinha-azul
CEMAVE_28.02,Aves Limícolas Migratórias - 2º ciclo,Plano de Ação Nacional para Conservação das Aves Limícolas Migratórias,Intraclasse,Nacional,2º ciclo,Em execução,2019-09-10,2024-09-01,2019,2024,Portaria com prazo expirado,https://www.gov.br/icmbio/pt-br/assuntos/biodiversidade/pan/pan-aves-limicolas-migratorias
CENAP_11.01,Ungulados,Plano de Ação Nacional para a Conservação dos Ungulados,Intraclasse,Nacional,1º ciclo,Em execução,2019-07-25,2024-07-01,2019,2024,Portaria com prazo expirado,https://www.gov.br/icmbio/pt-br/assuntos/biodiversidade/pan/pan-ungulados
CEPAM_02.01,Peixes Amazônicos,Plano de Ação Nacional para a Conservação de Espécies de Peixes Ameaçados de Extinção da Amazônia,Multiclasse,Bioma,1º ciclo,Em execução,2019-08-01,2024-07-01,2019,2024,Portaria com prazo expirado,https://www.gov.br/icmbio/pt-br/assuntos/biodiversidade/pan/pan-peixes-amazonicos
CEPTA_06.01,Peixes e Eglas da Mata Atlântica,Plano de Ação Nacional para a Conservação de Espécies de Peixes e Eglas Ameaçados de Extinção da Mata Atlântica,Multiclasse,Bacia,1º ciclo,Em execução,2019-08-01,2024-07-01,2019,2024,Portaria com prazo expirado,https://www.gov.br/icmbio/pt-br/assuntos/biodiversidade/pan/pan-peixes-e-eglas-da-ma
CMA_05.01,Mamíferos Aquáticos Amazônicos,Plano de Ação Nacional para Conservação de Mamíferos Aquáticos Amazônicos Ameaçados de Extinção,Intraclasse,Bioma,1º ciclo,Em execução,2019-01-16,2024-01-01,2019,2024,Portaria com prazo expirado,https://www.gov.br/icmbio/pt-br/assuntos/biodiversidade/pan/pan-mamiferos-aquaticos-amazonicos
CMA_06.01,Cetáceos Marinhos,Plano de Ação Nacional para Conservação de Cetáceos Marinhos Ameaçados de Extinção,Intraclasse,Bioma,1º ciclo,Em execução,2019-08-01,2024-07-01,2019,2024,Portaria com prazo expirado,https://www.gov.br/icmbio/pt-br/assuntos/biodiversidade/pan/pan-cetaceos-marinhos
CMA_07.02,Toninha - 2º ciclo,Plano de Ação Nacional para Conservação da Toninha,Monoespecífico,Específico (distribuição da espécie),2º ciclo,Em execução,2019-11-04,2024-09-01,2019,2024,Portaria com prazo expirado,https://www.gov.br/icmbio/pt-br/assuntos/biodiversidade/pan/pan-toninha
CPB_11.01,Tamanduá-bandeira e Tatus,"Plano de Ação Nacional para a Conservação do Tamanduá-bandeira, Tatu-canastra e Tatu-bola",Intraclasse,Específico (distribuição da espécie),1º ciclo,Em execução,2019-07-25,2024-07-01,2019,2024,Portaria com prazo expirado,https://www.gov.br/icmbio/pt-br/assuntos/biodiversidade/pan/pan-tamandua-bandeira-e-tatu-canastra
RAN_09.02,Herpetofauna do Sul - 2º ciclo,Plano de Ação Nacional para Conservação de Répteis e Anfíbios Ameaçados da Região Sul do Brasil,Multiclasse,Bioma,2º ciclo,Em execução,2019-07-23,2024-05-01,2019,2024,Portaria com prazo expirado,https://www.gov.br/icmbio/pt-br/assuntos/biodiversidade/pan/pan-herpetofauna-do-sul
CBC_02.01,Insetos Polinizadores,Plano de Ação Nacional para a Conservação Plano de Ação Nacional para a Conservação dos Insetos Polinizadores Ameaçados de Extinção,Intraclasse,Nacional,1º ciclo,Em execução,2022-12-05,2027-12-31,2022,2027,Portaria vigente,https://www.gov.br/icmbio/pt-br/assuntos/biodiversidade/pan/pan-insetos-polinizadores
CECAV_03.01,Cavernas do Brasil,Plano de Ação Nacional para a Conservação do Patrimônio Espeleológico Brasileiro,Multiclasse,Ecossistema,1º ciclo,Em execução,2022-08-09,2027-08-01,2022,2027,Portaria vigente,https://www.gov.br/icmbio/pt-br/assuntos/biodiversidade/pan/pan-cavernas-do-brasil
CENAP_12.02,Pequenos Felinos - 2º ciclo,Plano de Ação Nacional para a Conservação dos Pequenos Felinos,Intraclasse,Nacional,2º ciclo,Em execução,2022-06-21,2027-07-01,2022,2027,Portaria vigente,https://www.gov.br/icmbio/pt-br/assuntos/biodiversidade/pan/pan-pequenos-felinos
CENAP_13.01,Pequenos Mamíferos de Áreas Abertas,Plano de Ação Nacional para a Conservação dos Pequenos Mamíferos de Áreas Abertas,Intraclasse,Nacional,1º ciclo,Em execução,2022-07-05,2027-08-01,2022,2027,Portaria vigente,https://www.gov.br/icmbio/pt-br/assuntos/biodiversidade/pan/pan-pequenos-mamiferos-areas-abertas
CENAP_14.01,Pequenos Mamíferos de Áreas Florestais,Plano de Ação Nacional para a Conservação dos Pequenos Mamíferos de Áreas Florestais,Intraclasse,Nacional,1º ciclo,Em execução,2022-07-04,2027-08-02,2022,2027,Portaria vigente,https://www.gov.br/icmbio/pt-br/assuntos/biodiversidade/pan/pan-pequenos-mamiferos-areas-florestais
CEPTA_07.02,Rivulideos - 2º ciclo,Plano de Ação Nacional para a Conservação dos Peixes Rivulídeos Ameaçados de Extinção,Intraclasse,Nacional,2º ciclo,Em execução,2022-07-04,2027-07-01,2022,2027,Portaria vigente,https://www.gov.br/icmbio/pt-br/assuntos/biodiversidade/pan/pan-rivulideos
CEMAVE_29.02,Aves do Cerrado e Pantanal - 2º ciclo,Plano de Ação Nacional para Conservação das Aves do Cerrado e Pantanal,Intraclasse,Bioma,2º ciclo,Em execução,2023-09-01,2028-08-01,2023,2028,Portaria vigente,https://www.gov.br/icmbio/pt-br/assuntos/biodiversidade/pan/pan-aves-do-cerrado-e-pantanal
CEMAVE_30.02,Aves da Amazônia - 2º ciclo,Plano de Ação Nacional para Conservação das Aves da Amazônia,Intraclasse,Bioma,2º ciclo,Em execução,2023-08-01,2028-07-01,2023,2028,Portaria vigente,https://www.gov.br/icmbio/pt-br/assuntos/biodiversidade/pan/pan-aves-da-amazonia
CEMAVE_31.02,Aves da Mata Atlântica - 2º ciclo,Plano de Ação Nacional para Conservação das Aves da Mata Atlântica,Intraclasse,Bioma,2º ciclo,Em execução,2023-11-01,2028-10-01,2023,2028,Portaria vigente,https://www.gov.br/icmbio/pt-br/assuntos/biodiversidade/pan/pan-aves-da-mata-atlantica
CEPTA_08.02,São Francisco - 2º ciclo,Plano de Ação Nacional para Conservação das Espécies Ameaçadas de Extinção da Fauna Aquática da Bacia do Rio São Francisco,Intraclasse,Bacia,2º ciclo,Em execução,2023-02-01,2028-02-01,2023,2028,Portaria vigente,https://www.gov.br/icmbio/pt-br/assuntos/biodiversidade/pan/pan-sao-francisco
CEMAVE_33.03,Aves da Caatinga - 3º ciclo,Plano de Ação Nacional para Conservação das Aves da Caatinga,Intraclasse,Bioma,3º ciclo,Em execução,2024-06-03,2029-06-03,2024,2029,Portaria vigente,https://www.gov.br/icmbio/pt-br/assuntos/biodiversidade/pan/pan-aves-da-caatinga
CEMAVE_34.02,Aves Marinhas - 2º ciclo,Plano de Ação Nacional para a Conservação das Aves Marinhas,Intraclasse,Bioma,2º ciclo,Em execução,2024-02-17,2029-02-01,2024,2029,Portaria vigente,https://www.gov.br/icmbio/pt-br/assuntos/biodiversidade/pan/pan-aves-marinhas
CENAP_15.03,Ariranha - 3º ciclo,Plano de Ação Nacional para a Conservação da Ariranha (Pteronura brasiliensis),Monoespecífico,Específico (distribuição da espécie),3º ciclo,Em execução,2024-10-01,2029-10-01,2024,2029,Portaria vigente,https://www.gov.br/icmbio/pt-br/assuntos/biodiversidade/pan/pan-ariranha
CEPTA_09.01,Alto Paraná - 1º ciclo,Plano de Ação Nacional para a Conservação das Espécies de Peixes Ameaçadas de Extinção da Bacia do Alto Rio Paraná,Multiclasse,Bacia,1º ciclo,Em execução,2024-02-01,2029-02-01,2024,2029,Portaria vigente,https://www.gov.br/icmbio/pt-br/assuntos/biodiversidade/pan/pan-alto-parana
CEPTA_10.02,Paraíba do Sul - 2º ciclo,Plano de Ação Nacional para Conservação das Espécies Aquáticas Ameaçadas de Extinção do Rio Paraíba do Sul,Multiclasse,Bacia,2º ciclo,Em execução,2024-05-01,2029-05-31,2024,2029,Portaria vigente,https://www.gov.br/icmbio/pt-br/assuntos/biodiversidade/pan/pan-paraiba-do-sul
RAN_11.02,Herpetofauna do Sudeste - 2º ciclo,Plano de Ação Nacional para Conservação da Herpetofauna Ameaçada do Sudeste,Multiclasse,Bioma,2º ciclo,Em execução,2024-10-01,2029-10-01,2024,2029,Portaria vigente,https://www.gov.br/icmbio/pt-br/assuntos/biodiversidade/pan/pan-herpetofauna-do-sudeste
TAMAR_03.03,Tartarugas Marinhas - 3º ciclo,Plano de Ação Nacional para a Conservação das Tartarugas Marinhas,Intraclasse,Bioma,3º ciclo,Em execução,2024-06-03,2029-06-03,2024,2029,Portaria vigente,https://www.gov.br/icmbio/pt-br/assuntos/biodiversidade/pan/pan-tartarugas-marinhas
CEMAVE_32.03,Aves dos Campos Sulinos - 3º ciclo,Plano de Ação Nacional para a Conservação das Aves dos Campos Sulinos,Intraclasse,Ecossistema,3º ciclo,Em execução,2025-01-01,2030-01-01,2025,2030,Portaria vigente,https://www.gov.br/icmbio/pt-br/assuntos/biodiversidade/pan/pan-aves-dos-campos-sulinos
CEMAVE_36.04,Albatrozes e Petréis - 4º ciclo,Plano de Ação Nacional para a Conservação dos Albatrozes e Petréis,Intraclasse,Bioma,4º ciclo,Em execução,2025-01-01,2030-01-01,2025,2030,Portaria vigente,https://www.gov.br/icmbio/pt-br/assuntos/biodiversidade/pan/pan-albatrozes-e-petreis
CENAP_16.02,Grandes Felinos - 2º ciclo,Plano de Ação Nacional para a Conservação dos Grandes Felinos,Multiclasse,Nacional,2º ciclo,Em execução,2025-08-01,2030-08-01,2025,2030,Portaria vigente,https://www.gov.br/icmbio/pt-br/assuntos/biodiversidade/pan/pan-grandes-felinos
CENAP_17.02,Canídeos - 2º ciclo,Plano de Ação Nacional para a Conservação dos Canídeos Silvestres,Intraclasse,Nacional,2º ciclo,Em execução,2025-05-02,2030-05-02,2025,2030,Portaria vigente,https://www.gov.br/icmbio/pt-br/assuntos/biodiversidade/pan/pan-canideos
CEPSUL_04.02,Tubarões - 2º ciclo,Plano de Ação Nacional para a Conservação dos Tubarões e Raias Marinhas Ameaçados de Extinção,Intraclasse,Bioma,2º ciclo,Em execução,,2030-05-02,2025,2030,Portaria vigente,https://www.gov.br/icmbio/pt-br/assuntos/biodiversidade/pan/pan-tubaroes
CEPTA_11.02,Iguaçu - 2º ciclo,Plano de Ação Nacional para a Conservação dos Peixes da Bacia do Rio Iguaçu,Multiclasse,Bacia,2º ciclo,Em execução,2025-04-24,2030-05-02,2025,2030,Portaria vigente,https://www.gov.br/icmbio/pt-br/assuntos/biodiversidade/pan/pan-iguacu
CPB_12.02,Primatas Amazônicos  - 2º ciclo,Plano de Ação Nacional para a Conservação dos Primatas Amazônicos,Intraclasse,Bioma,2º ciclo,Em execução,2025-04-24,2030-05-02,2025,2030,Portaria vigente,https://www.gov.br/icmbio/pt-br/assuntos/biodiversidade/pan/pan-primatas-amazonicos
CPB_13.03,Primatas do Nordeste - 3º ciclo,Plano de Ação Nacional para a Conservação dos Primatas do Nordeste,Intraclasse,Bioma,3º ciclo,Em execução,2025-04-24,2030-05-02,2025,2030,Portaria vigente,https://www.gov.br/icmbio/pt-br/assuntos/biodiversidade/pan/pan-primatas-do-nordeste
CPB_15.02,Primatas da Mata Atlântica e da Preguiça-de-Coleira - 2° ciclo,Plano de Ação Nacional para a Conservação dos Primatas da Mata Atlântica e da Preguiça-de-Coleira,Intraclasse,Bioma,2º ciclo,Em execução,2025-06-23,2030-07-01,2025,2030,Portaria vigente,https://www.gov.br/icmbio/pt-br/assuntos/biodiversidade/pan/pan-primatas-ma-e-preguica-de-coleira
RAN_12.02,CERPAM- 2º ciclo,"Plano de Ação Nacional para a Conservação de Espécies da Ictiofauna, Herpetofauna e Primatas do Cerrado, Pantanal e Amazônia",Multiclasse,Bioma,2º ciclo,Em execução,2025-07-08,2030-08-01,2025,2030,Portaria vigente,https://www.gov.br/icmbio/pt-br/assuntos/biodiversidade/pan/pan-cerpan
CEPSUL_05.02,Corais - 2º ciclo,Plano de Ação Nacional para a Conservação dos Ambientes Coralíneos,Multiclasse,Ecossistema,2º ciclo,Em execução,2025-11-03,2030-11-03,2025,2030,Portaria vigente,https://www.gov.br/icmbio/pt-br/assuntos/biodiversidade/pan/pan-corais
CEPSUL_06.02,(Previsto) Lagoas do Sul - 2º ciclo,Plano de Ação Nacional para a Conservação dos Sistemas Lacustres e Lagunares do Sul do Brasil,Multiclasse,Ecossistema,2º ciclo,Previsto,,,,,Aguardando portaria,https://www.gov.br/icmbio/pt-br/assuntos/biodiversidade/pan/pan-lagoas-do-sul
RAN_13.03,(Previsto) Herpetofauna do Nordeste - 3º ciclo,Plano de Ação Nacional para a Conservação da Herpetofauna Ameaçada do Nordeste,Multiclasse,Bioma,3 ciclo,Elaborado,,,,,Aguardando portaria,https://www.gov.br/icmbio/pt-br/assuntos/biodiversidade/pan/pan-herpetofauna-do-nordeste
CPB_14.03,Sauim-de-coleira - 3º ciclo,Plano de Ação Nacional para a Conservação do Sauim-de-coleira,Monoespecífico,Específico (distribuição da espécie),3º ciclo,Em execução,2025-11-03,2030-11-03,2025,2030,Portaria vigente,https://www.gov.br/icmbio/pt-br/assuntos/biodiversidade/pan/pan-sauim-de-coleira
CEMAVE_35.03,Pato-mergulhão 3º ciclo,Plano de Ação Nacional para a Conservação do Pato-mergulhão,Monoespecífico,Específico (distribuição da espécie),3º ciclo,Finalizado,,,,,,https://www.gov.br/icmbio/pt-br/assuntos/biodiversidade/pan/pan-pato-mergulhao
