nome_cientifico,taxon_id_icmbio,consta_lista_ameacada,dado_sensivel
Aegla violacea,2025224,True,False
Spelaeogammarus spinilacertus,2028031,True,False
Notholebias vermiculatus,2025538,True,False
Simpsonichthys nigromaculatus,1809743,True,False
Amazona pretrei,9859,True,True
Pectenoniscus montalvaniensis,2304056,True,False
Schwarziana bocainensis,2301987,True,False
Ardistomis ferreirai,2303886,True,False
Maricaella duna,2024444,True,False
Iandumoema smeagol,2027986,True,False
Mobula thurstoni,2303289,True,False
Myrmotherula oreni,2025968,True,False
Atlantirivulus simplicis,2025434,True,False
Isogomphodon oxyrhynchus,455790,True,False
Eupera troglobia,2303955,True,False
Pseudoplatystoma corruscans,14249,True,False
Charinus eleonorae,1468209,True,False
Bombus bahiensis,2302015,True,False
Pithecopus rusticus,2027600,True,False
Cubacubana spelaea,2028019,True,False
Hypsolebias adornatus,2025437,True,False
Cnesterodon omorgmatos,334486,True,False
Acratosaura spinosa,2023273,True,False
Anotosaura collaris,559370,True,False
Ophthalmolebias bokermanni,2025539,True,False
Ortalis remota,2303039,True,False
Harttia depressa,728543,True,False
Calyptommatus nicterus,694371,True,False
Garcialebias bagual,2479177,True,False
Piculus paraensis,2026022,True,False
Alouatta caraya,9819,True,False
Newportia spelaea,2027998,True,False
Lepidothrix iris,1320256,True,False
Hypsolebias nudiorbitatus,2025469,True,False
Hypsolebias brunoi,2025441,True,False
Serpophaga hypoleuca pallida,2026006,True,False
Leposternon maximus,2023237,True,False
Parotocinclus cesarpintoi,1010827,True,False
Rhipidodonta koseritzi,2302877,True,False
Melanorivulus vittatus,2025534,True,False
Phaenomys ferrugineus,17913,True,False
Gymnura altavela,2303335,True,False
Cyanopsitta spixii,11403,True,True
Leptopanchax sanguineus,2301459,True,False
Plesiolebias xavantei,458744,True,False
Tosanoides aphrodite,2300746,True,False
Matilebias litzi,2479192,True,False
Contopus nigrescens,7030,True,False
Amphisbaena carvalhoi,239044,True,False
Diomedea exulans,11613,True,False
Microspathodon chrysurus,662001,True,True
Lipaugus conditus,2300485,True,False
Astyanax eremus,2025313,True,False
Plecturocebus bernhardi,2300821,True,False
Simpsonichthys zonatus,599299,True,False
Xangoniscus aganju,2028057,True,False
Plexaurella obesa,2302632,True,False
Coarazuphium amazonicus,2028007,True,False
Aegla ludwigi,2300455,True,False
Charinus taboa,2027980,True,False
Rhamdiopsis krugi,1910543,True,False
Notholebias cruzi,1744187,True,False
Actinote zikani,844280,True,False
Microlepidogaster perforata,1008669,True,False
Lutjanus cyanopterus,2027527,True,False
Leposternon kisteumacheri,2023236,True,False
Alouatta discolor,2023558,True,False
Coarazuphium tessai,1319805,True,False
Amphisbaena acangaoba,2301672,True,False
Thamnophilus caerulescens pernambucensis,2025980,True,False
Choranthias salmopunctatus,2025616,True,False
Thamnomanes caesius caesius,2025977,True,False
Simpsonichthys cholopteryx,598156,True,False
Kolpotocheirodon figueiredoi,1631189,True,False
Myrmotherula snowi,6348,True,False
Willemia zeppelinii,2024463,True,False
Sparisoma rocha,1514238,True,False
Leptopanchax splendens,2300733,True,False
Trachylepis atlantica,559340,True,False
Potamotrygon signata,2303377,True,False
Scolopocryptops troglocaudatus,2027999,True,False
Paraclaravis geoffroyi,2302997,True,False
Pseudobatos percellens,2303397,True,False
Amphisbaena kiriri,2301676,True,False
Gabunillo enfurnado,2304248,True,False
Sternarchogiton zuanoni,1657841,True,False
Atractus ronnie,2023368,True,False
Eustrombus goliath,2026284,True,False
Deltamys araucaria,2301454,True,False
Knodus dorsomaculatus,1743508,True,False
Lachlania aldinae,2301248,True,False
Arinosaster patriciae,2303887,True,False
Eurolophosaurus amathites,1251313,True,False
Aegla itacolomiensis,2025192,True,False
Xenurolebias pataxo,2300697,True,False
Leodesmus yporangae,1319905,True,False
Speocera eleonorae,902739,True,False
Leptagrion bocainense,1239538,True,False
Hypsolebias marginatus,2025463,True,False
Cerdale fasciata,663176,True,False
Phlegopsis borbae,2022999,True,False
Brachyteles arachnoides,10451,True,False
Amatolebias varzeae,399128,True,False
Hylodes glaber,788380,True,False
Cotinga maculata,11289,True,False
Tricongius ybyguara,2303203,True,False
Chamaeza nobilis fulvipectus,2025870,True,False
Simothraulopsis eurybasis,2301200,True,False
Cambeva papillifera,2302890,True,False
Moenkhausia parecis,2301737,True,False
Praepedaliodes sequeirae,2027835,True,False
Arrhopalites botuveraensis,2024562,True,False
Discosura langsdorffi langsdorffi,2025813,True,False
Brycon gouldingi,1018195,True,False
Leposoma annectans,2023283,True,False
Phlegopsis nigromaculata confinis,2025969,True,False
Gyldenstolpia planaltensis,2023713,True,False
Paragenidens grandoculis,2302617,True,False
Hypsolebias multiradiatus,2025465,True,False
Pseudosinella guanhaensis,2300091,True,False
Ameiva jacuba,2301638,True,False
Girardia paucipunctata,2300139,True,False
Bothrops jabrensis,2303241,True,False
Millepora braziliensis,13217,True,False
Condylactis gigantea,1033456,True,False
Elacatinus phthirophagus,1811847,True,False
Oligoneuria macabaiba,2301251,True,False
Euryoryzomys lamia,2023707,True,False
Acanthochelys macrocephala,629067,True,False
Aegla obstipa,2025205,True,False
Microglanis maculatus,2025710,True,False
Amazoniscus leistikowi,2028048,True,False
Amphisbaena littoralis,2026153,True,False
Maratecoara splendida,1440085,True,False
Eleoscytalopus psychopompus,2022980,True,False
Formicivora acutirostris,2300480,True,False
Cambeva pascuali,2300899,True,False
Pimelodella spelaea,803306,True,False
Lebiasina minuta,2025381,True,False
Epiperipatus diadenoproctus,2026422,True,False
Progarypus nigrimanus,1830686,True,False
Leopardus guttulus,2026053,True,False
Amadonastur lacernulatus,2022852,True,False
Campylorhamphus trochilirostris trochilirostris,2025854,True,False
Juscelinomys candango,17706,True,False
Mustelus schmitti,456483,True,False
Xangoniscus itacarambiensis,2028059,True,False
Garcialebias reicherti,2479186,True,False
Sterna dougallii,2303164,True,False
Pseudosinella neriae,2304167,True,False
Stigmatura napensis napensis,2026008,True,False
Mobula rochebrunei,1021807,True,False
Pectenoniscus monsviridis,2304055,True,False
Spinopilar moria,2024049,True,False
Paracymbiomma caecus,2303609,True,False
Callithrix flaviceps,10650,True,False
Apostolepis thalesdelemai,2300644,True,False
Mussismilia harttii,2303413,True,False
Bombus bellicosus,1673151,True,False
Hasemania melanura,1024731,True,False
Phalotris lativittatus,1823341,True,False
Aeria olena tiuma,2302871,True,False
Jenynsia sanctaecatarinae,335488,True,False
Heterodactylus septentrionalis,2023282,True,False
Sapajus robustus,2023756,True,False
Megalobulimus parafragilior,2303449,True,False
Xiphocolaptes carajaensis,1320251,True,False
Biotocus turbinatus,2026319,True,False
Eukoenenia sagarana,2024069,True,False
Mustelus fasciatus,456583,True,False
Iuiuniscus iuiuensis,2028055,True,False
Clytoctantes atrogularis,1533209,True,False
Sapajus libidinosus,2023751,True,False
Pionus reichenowi,2023081,True,False
Sternarchorhynchus caboclo,1809182,True,False
Succinea lopesi,2026401,True,False
Forsterinaria itatiaia,2027727,True,False
Carcharhinus galapagensis,727283,True,False
Aegla oblata,2025204,True,False
Augastes lumachella,10254,True,False
Leposternon octostegum,1252369,True,False
Hypsolebias guanambi,2025454,True,False
Garcialebias pongondo,2479185,True,False
Thamnophilus caerulescens cearensis,2025979,True,False
Tangara velia signata,2025992,True,False
Genidens barbus,663263,True,False
Diomedea epomophora,11615,True,False
Eulaema felipei,2301977,True,False
Laniisoma elegans,2023037,True,False
Xiphorhynchus atlanticus,2022950,True,False
Phalloptychus eigenmanni,1005579,True,False
Euglossa avicula,2301973,True,False
Coarazuphium xingu,2303894,True,False
Thalasseus maximus,2303167,True,False
Spelaeometra hypogea,2304251,True,False
Epinephelus itajara,2027545,True,False
Mazama nana,13115,True,False
Odontanthias cauoh,2300749,True,False
Crossodactylus dantei,384485,True,False
Sternarchorhynchus inpai,1808954,True,False
Arraia nelmae,2301999,True,False
Rhipidodonta iheringi,2302878,True,False
Hyalella epikarstica,2028029,True,False
Leontopithecus caissara,12777,True,False
Ferricixius goliathi,2304157,True,False
Stenocercus quinarius,1769705,True,False
Pararrhopalites wallacei,2024281,True,False
Tityus kuryi,2024085,True,False
Hypsolebias magnificus,2025462,True,False
Newportia potiguar,2027575,True,False
Amazona vinacea,9882,True,True
Tursiops gephyreus,2300130,True,False
Scytalopus diamantinensis,2022981,True,False
Anomaloglossus apiau,2300231,True,False
Spiripockia punctata,2026278,True,False
Ophthalmolebias perpendicularis,2025541,True,False
Aburria cujubi,1320124,True,False
Formicivora littoralis,7191,True,False
Iansaoniscus iraquara,2028063,True,False
Iandumoema uai,1319827,True,False
Adebrotus lugoi,2024798,True,False
Millepora laboreli,2302618,True,False
Caretta caretta,10747,True,False
Natalus macrourus,2026060,True,False
Thalurania watertonii,7815,True,False
Benthanoides amazonicus,2304039,True,False
Garcialebias nubium,2479183,True,False
Garcialebias arachan,2479175,True,False
Carcharhinus brevipinna,727288,True,False
Coarazuphium formoso,2024687,True,False
Carcharhinus porosus,727193,True,False
Ophiodes enso,2301651,True,False
Urotrygon microphthalmum,2303387,True,False
Sternarchorhynchus villasboasi,1790898,True,False
Genidens planifrons,663262,True,False
Kryptolebias gracilis,1440370,True,False
Atlantirivulus nudiventris,2025429,True,False
Nematolebias papilliferus,176682,True,False
Odontophorus capueira plumbeicollis,2025832,True,False
Troglobentosminthurus luridus,2304171,True,False
Callicebus coimbrai,1715765,True,False
Cynopoecilus feltrini,2300571,True,False
Scytalopus novacapitalis,6717,True,False
Spelaeogammarus trajanoae,2028032,True,False
Pectenoniscus pankaru,2304058,True,False
Chasmocranus brachynema,1013958,True,False
Apostolepis striata,2023363,True,False
Echinanthera cephalomaculata,1825843,True,False
Neomorphus geoffroyi amazonicus,2025822,True,False
Hemitriccus mirandae,7272,True,False
Aegla georginae,2300449,True,False
Iodopleura pipra leucopygia,2025993,True,False
Spelaeogammarus santanensis,2028033,True,False
Megalobulimus rolandianus,2303452,True,False
Dendrocolaptes transfasciatus,2302998,True,False
Eusarcus elinae,2024057,True,False
Anodorhynchus leari,9940,True,True
Coarazuphium caatinga,2024686,True,False
Sclerurus cearensis,2025925,True,False
Bothrops muriciensis,1255175,True,False
Arlesia intermedia,2024477,True,False
Anumara forbesi,2300478,True,False
Hylexetastes brigidai,7305,True,False
Placosoma cipoense,244006,True,False
Phylloscartes ceciliae,6505,True,False
Adelophryne maranguapensis,217566,True,False
Puffinus lherminieri,2023076,True,False
Dendrocolaptes medius,2025859,True,False
Aegla manuinflata,2025200,True,False
Sphaenorhynchus bromelicola,1069321,True,False
Helicops boitata,2301311,True,False
Franciscobasis franciscoi,2301615,True,False
Aegla brevipalma,2025183,True,False
Furipterus horrens,17649,True,False
Pachylospeleus strinatii,1319848,True,False
Circus cinereus,11071,True,False
Titanolebias cheradophilus,2479198,True,False
Homonota uruguayensis,1252018,True,False
Garcialebias nigrofasciatus,2479182,True,False
Nematolebias whitei,176606,True,False
Pseudosinella ambigua,2300089,True,False
Carcharhinus longimanus,727197,True,False
Amphisbaena arda,239057,True,False
Mimagoniates sylvicola,1010003,True,False
Euvola ziczac,515843,True,False
Rodriguesophis chui,2023420,True,False
Amphisbaena metallurga,2301641,True,False
Cynolebias akroa,2300683,True,False
Leptokoenenia pelada,2024072,True,False
Moema piriana,458739,True,False
Hyperaulax ramagei,2303182,True,False
Pogonopoma obscurum,457750,True,False
Podocnemis sextuberculata,8724,True,False
Myliobatis freminvillei,2303345,True,False
Metagonia potiguar,2024019,True,False
Amphisbaena saxosa,2023231,True,False
Colossoma macropomum,14058,True,False
Pseudotocinclus tietensis,286541,True,False
Orobrassolis ornamentalis,1319846,True,False
Ophthalmolebias suzarti,2025543,True,False
Psammisotoma restingae,2024416,True,False
Mycetagroicus urbanus,2024920,True,False
Tomigerus gibberulus,2303459,True,False
Benthana alba,2304037,True,False
Diomedea sanfordi,1319957,True,False
Sphyrna tudes,1011603,True,False
Campellolebias chrysolineatus,729971,True,False
Phrynomedusa marginata,715861,True,False
Mustelus canis,454741,True,False
Rachoviscus crassiceps,1010786,True,False
Rhegmatorhina hoffmannsi,6676,True,False
Hypsolebias tocantinensis,2025479,True,False
Prochilodus harttii,1009257,True,False
Hylopezus whittakeri,2025889,True,False
Machadagrion garbei,2303119,True,False
Aegla charon,2028040,True,False
Hypsolebias harmonicus,2025455,True,False
Girardia multidiverticulata,2028074,True,False
Plecturocebus grovesi,2300808,True,False
Chlorosoma laticeps,2303023,True,False
Elaenia ridleyana,7145,True,False
Centris hyptidoides,1703151,True,False
Aegla loyolai,2300454,True,False
Lepidothrix vilasboasi,1320255,True,False
Thamnophilus aethiops distans,2025978,True,False
Hypsolebias splendissimus,2300693,True,False
Cyanocorax hafferi,2025847,True,False
Kerodon acrobata,17708,True,False
Brachyteles hypoxanthus,10452,True,False
Hylodes mertensi,788378,True,False
Anthus nattereri,8311,True,False
Gymnolebias jaegari,2479202,True,False
Carcharhinus obscurus,727195,True,False
Isoctenus corymbus,1375984,True,False
Crossodactylodes izecksohni,2300923,True,False
Amazona rhodocorytha,9858,True,True
Physeter macrocephalus,1840166,True,False
Ameivula cipoensis,2301688,True,False
Leptopanchax citrinipinnis,2300730,True,False
Drepanotrema pileatum,2026374,True,False
Seira mataraquensis,2024322,True,False
Campylorhamphus multostriatus,2025851,True,False
Phaethon lepturus,6468,True,False
Leptodon forbesi,12838,True,False
Sporophila frontalis,2302350,True,True
Endecous peruassuensis,2028016,True,False
Celeus galeatus,2300479,True,False
Hermanella nigra,2024847,True,False
Aegla franca,2025187,True,False
Ischnocnema epipeda,1708443,True,False
Oxymycterus caparaoe,2023592,True,False
Halichoeres rubrovirens,1808918,True,False
Chiropotes utahicki,2026606,True,False
Formicivora erythronotos,7190,True,False
Phyllomyias reiseri,6499,True,False
Johngarthia lagostoma,1675876,True,False
Forcepsioneura machadorum,2303212,True,False
Matilebias alexandri,2479188,True,False
Phyllocaulis renschi,2026270,True,False
Cassis tuberosa,850300,True,False
Synaptula secreta,1905627,True,False
Isbrueckerichthys saxicola,1667705,True,False
Aegla renana,2025215,True,False
Rowlandius ubajara,2024077,True,False
Coleodactylus elizae,2023249,True,False
Cinclodes espinhacensis,2025878,True,False
Dobrodesmus mirabilis,2028003,True,False
Epinecrophylla dentei,2025936,True,False
Iuiuia caeca,2028014,True,False
Tropidurus mucujensis,231825,True,False
Brasileirinho cavaticus,2028043,True,False
Terenura sicki,1714816,True,False
Steindachneridion melanodermatum,1502930,True,False
Amphisbaena nigricauda,239013,True,False
Holoaden bradei,1069754,True,False
Lagothrix lagothricha lagothricha,2300811,True,False
Charinus potiguar,2024004,True,False
Squatina occulta,1011201,True,False
Hyalella veredae,2028026,True,False
Monocondylaea franciscana,2026238,True,False
Hypsolebias hellneri,2025456,True,False
Acrobatornis fonsecai,8285,True,False
Sclerurus macconnelli bahiae,2025927,True,False
Scytalopus iraiensis,6713,True,False
Ancistrus minutus,866099,True,False
Alectrurus tricolor,8291,True,False
Selenidera gouldii baturitensis,2026029,True,False
Hypsolebias delucai,2025445,True,False
Squatina guggenheim,1011202,True,False
Synallaxis infuscata,6814,True,False
Rhopornis ardesiacus,1320254,True,False
Parastacus tuerkayi,2300462,True,False
Hypsolebias shibattai,2300692,True,False
Hypsolebias flavicaudatus,2025449,True,False
Glossoscolex matogrossensis,2301850,True,False
Callicebus nigrifrons,1465215,True,False
Leontopithecus chrysomelas,12778,True,False
Ameiva parecis,2023255,True,False
Philodryas livida,1455391,True,False
Thamnophilus nigrocinereus huberi,2300327,True,False
Inia araguaiaensis,2300128,True,False
Spelaeochernes gracilipalpus,1832067,True,False
Melanorivulus leali,2025513,True,False
Leposoma puk,489293,True,False
Hypsolebias lopesi,2025460,True,False
Ginglymostoma cirratum,1012059,True,False
Ozotoceros bezoarticus leucogaster,2301493,True,False
Chiasmocleis alagoana,2027626,True,False
Scriptosaura catimbau,2023290,True,False
Tinamus tao,7834,True,False
Trichomycterus dali,2025724,True,False
Ophthalmolebias rosaceus,2025542,True,False
Bothrops sazimai,2300647,True,False
Glossoscolex riograndensis,2301986,True,False
Sapajus cay,2023749,True,False
Coarazuphium kayapo,2303891,True,False
Atlantodesmus pickeli,2024117,True,False
Penelope jacucaca,13935,True,False
Malacoptila minor,2303029,True,False
Ctenomys flamarioni,17558,True,False
Chelonoidis carbonarius,2026527,True,False
Crenicichla jupiaensis,1005387,True,False
Neomorphus squamiger,6372,True,False
Indiani gaspar,2303587,True,False
Crax blumenbachii,11297,True,False
Macrobrachium denticulatum,1101008,True,False
Amphisbaena tiaraju,2301681,True,False
Xipholena lamellipennis,8274,True,False
Atlantirivulus maricensis,2025428,True,False
Phrynops williamsi,243915,True,False
Mycetopoda legumen,2026241,True,False
Myliobatis goodei,2303346,True,False
Microglanis robustus,1512196,True,False
Makaira nigricans,1010465,True,False
Phyllomys brasiliensis,1319859,True,False
Ferricixius davidi,2028012,True,False
Crax globulosa,11294,True,False
Scytalopus gonzagai,2025918,True,False
Burhinus bistriatus,2022884,True,False
Lavajatus moroi,2304311,True,False
Xenohyla truncata,1107256,True,False
Eukoenenia neytiri,2027997,True,False
Trinomys minor,2023645,True,False
Apostolepis arenaria,1769755,True,False
Cyphocharax jagunco,2301507,True,False
Lopholatilus villarii,396446,True,False
Pterodroma madeira,2303171,True,False
Spelaeogammarus ginae,2304198,True,False
Callithrix aurita,10653,True,False
Sparisoma axillare,14280,True,False
Lebiasina marilynae,2025379,True,False
Trogon muriciensis,2302803,True,False
Ideoroncus cavicola,1926491,True,False
Limnodromus griseus,7394,True,False
Pyrrhura cruentata,9143,True,True
Austrolebias univentripinnis,1954961,True,False
Listrura depinnai,2025718,True,False
Rachoviscus graciliceps,1010023,True,False
Sphaenorhynchus cammaeus,2300162,True,False
Conopophaga lineata lineata,2025845,True,False
Panthera onca,13775,True,False
Conothraupis mesoleuca,7024,True,False
Ariadna aurea,2300151,True,False
Geositta poeciloptera,1320151,True,False
Amphisbaena arenaria,239052,True,False
Bokermannohyla napolii,2300236,True,False
Archolaemus santosi,2025579,True,False
Atlantoraja castelnaui,2303301,True,False
Cephalometra pallida,2303888,True,False
Dolichothele diamantinensis,2301752,True,False
Fregata minor,12127,True,False
Sporophila nigrorufa,2302365,True,True
Pampasatyrus reticulata gagarini,2027794,True,False
Cephalotes liviaprado,2304302,True,False
Kryptolebias brasiliensis,803055,True,False
Glaucomastix littoralis,2301648,True,False
Pyrrhura lepida,9136,True,False
Crossodactylus franciscanus,2300239,True,False
Priodontes maximus,8907,True,False
Heteroxolmis dominicanus,7294,True,False
Tapirus terrestris,7751,True,False
Rhipidodonta garbei,2302906,True,False
Psalidodon crenuchoides,1014202,True,False
Arhysosage biguttulata,2302017,True,False
Pogonias courbina,2303109,True,False
Pampasatyrus glaucope eberti,2027787,True,False
Sternarchorhynchus kokraimoro,1503875,True,False
Apostolepis quirogai,1530636,True,False
Arlea psammophila,2024353,True,False
Pampasatyrus glaucope boenninghauseni,2024979,True,False
Isotomurus riparius,2024396,True,False
Starksia multilepis,527092,True,False
Ctenomys lami,2023619,True,False
Coarazuphium pains,1319804,True,False
Cartagonum apiuba,2024749,True,False
Oreaster reticulatus,585762,True,False
Sclerurus caudacutus umbretta,2025924,True,False
Sternarchorhynchus higuchii,1790893,True,False
Pterodroma deserta,2026030,True,False
Steindachneridion scriptum,1440256,True,False
Campellolebias intermedius,1515824,True,False
Oligoneuria amandae,2301249,True,False
Ctenomys minutus,17569,True,False
Formicivora paludicola,2025941,True,False
Hemitriccus kaempferi,7275,True,False
Bokermannohyla vulcaniae,1706460,True,False
Ischnotelson guanambiensis,2301910,True,False
Hyphessobrycon taurocephalus,866929,True,False
Stegastes trindadensis,527249,True,False
Phrynomedusa vanzolinii,715860,True,False
Aegla okora,2300738,True,False
Odontesthes bicudo,802990,True,False
Monomorium delabiei,2024915,True,False
Mobula birostris,2303249,True,False
Arhinolemur gaiero,2301962,True,False
Steindachneridion parahybae,400340,True,False
Dermochelys coriacea,11602,True,False
Pseudobatos horkelii,2303396,True,False
Myrmotherula minor,6360,True,False
Syndactyla ucayalae,1787916,True,False
Epiperipatus adenocryptus,2026420,True,False
Ololygon muriciensis,2026571,True,False
Aspidoras mephisto,2028070,True,False
Hypsolebias faouri,2300575,True,False
Discocyrtus pedrosoi,2024054,True,False
Alouatta guariba guariba,2026087,True,False
Epiperipatus paurognostus,2026425,True,False
Pseudochthonius koinopoliteia,2303612,True,False
Sparisoma amplum,14279,True,False
Trichomycterus itacarambiensis,335222,True,False
Atelocynus microtis,17454,True,False
Spelaeogammarus bahiensis,2028034,True,False
Hippocampus patagonicus,1630617,True,True
Brachycephalus pernix,1106826,True,False
Currhaeus polegattoi,2303219,True,False
Circoniscus mendesi,2304252,True,False
Spelaeogammarus titan,2028035,True,False
Ituglanis passensis,334303,True,False
Camelobaetidius juparana,2024820,True,False
Coendou speratus,2026140,True,False
Hypsolebias radiseriatus,2025474,True,False
Megalobulimus cardosoi,2303443,True,False
Hypsolebias nielseni,2025466,True,False
Hypsolebias auratus,2025440,True,False
Callicebus barbarabrownae,1465214,True,False
Charadrius wilsonia,6956,True,False
Penelope superciliaris alagoensis,2025830,True,False
Lagothrix lagothricha,2026088,True,False
Stegastes sanctipauli,525998,True,False
Melanophryniscus montevidensis,217774,True,False
Sphyrna zygaena,1011600,True,False
Pararrhopalites ubiquum,2300101,True,False
Girardia spelaea,2304203,True,False
Hylodes sazimai,784488,True,False
Celeus obrieni,1320231,True,False
Harmonicon cerberus,2024015,True,False
Apostolepis phillipsi,1955352,True,False
Ophthalmolebias ilheusensis,1501675,True,False
Mesaphorura maricaensis,2024554,True,False
Hasemania piatan,1809119,True,False
Maxchernes iporangae,1319884,True,False
Pristis pectinata,2303392,True,False
Melanorivulus pinima,2025522,True,False
Colobodactylus dalcyanus,238315,True,False
Allokoenenia canhembora,2303884,True,False
Hypleurochilus brasil,2025587,True,False
Trichechus manatus,7878,True,False
Leposoma baturitensis,489292,True,False
Endecous apterus,2028017,True,False
Eukoenenia cavatica,2027994,True,False
Amphisbaena supernumeraria,2023232,True,False
Aburria jacutinga,1063250,True,False
Hyporthodus nigritus,1675171,True,False
Centris thelyopsis,2302170,True,False
Garcialebias cheffei,2479179,True,False
Oncinocampa trajanoae,2028024,True,False
Eukoenenia maquinensis,2024067,True,False
Hylodes magalhaesi,828616,True,False
Phaneromerium troglopterygotum,2303909,True,False
Garcialebias nachtigalli,2479181,True,False
Trichechus inunguis,7879,True,False
Crossodactylodes itambe,2025781,True,False
Coarazuphium tapiaguassu,2024689,True,False
Aegla inconspicua,2025190,True,False
Psilops seductus,2301656,True,False
Strix huhula albomarginata,2026042,True,False
Ancistrus cryptophthalmus,866752,True,False
Phalotris multipunctatus,1685334,True,False
Ochyrocera ritxoco,2303602,True,False
Sclerurus caudacutus caligineus,2025923,True,False
Callistomys pictus,17470,True,False
Cebus kaapori,10846,True,False
Amydetes bellorum,2024721,True,False
Acantholebias quirogai,2479205,True,False
Pseudochthonius diamachi,2303615,True,False
Drymusa spelunca,1376106,True,False
Rodriguesophis scriptorcibatus,2026156,True,False
Nyceryx mielkei,2025097,True,False
Calidris canutus,2022896,True,False
Platyrinchus leucoryphus,2302344,True,False
Neomorphus geoffroyi geoffroyi,2025824,True,False
Erebonyx catacumbae,2304156,True,False
Cynolebias griseus,400387,True,False
Cryptops iporangensis,2024105,True,False
Altitatiayus campoi,2024732,True,False
Carcharhinus leucas,727198,True,False
Conorhynchos conirostris,1440383,True,False
Phaethornis major,2303040,True,False
Hypsolebias stellatus,2025478,True,False
Steindachneridion amblyurum,1810735,True,False
Tropidurus hygomi,231767,True,False
Actenosigynes mantiqueirensis,2302175,True,False
Hyphessobrycon cantoi,2303047,True,False
Ochyrocera rosinha,2303604,True,False
Hypanus berthalutzae,2303263,True,False
Pyrrhura amazonum,1320173,True,False
Trogon collaris eytoni,2026046,True,False
Knipolegus franciscanus,7358,True,False
Schiffornis turdina intermedia,2025996,True,False
Dactyloa pseudotigrina,2023316,True,False
Fluminagrion taxaense,2025127,True,False
Leporinus pitingai,598174,True,False
Altitatiayus rotundatus,2024736,True,False
Melanophryniscus admirabilis,1394538,True,False
Achirus mucuri,1502567,True,False
Teleocichla centisquama,457257,True,False
Bathytoshia centroura,2303323,True,False
Apostolepis vittata,1836953,True,False
Hypsolebias igneus,2025457,True,False
Eubalaena australis,11885,True,False
Tangara cyanocephala cearensis,2025989,True,False
Thalasseus acuflavidus,2303166,True,False
Poecilia pertapeh,2303179,True,False
Hypsolebias gilbertobrasili,2025453,True,False
Bothrops germanoi,2303240,True,False
Brasilomma enigmatica,2303201,True,False
Characidium vestigipinne,1951454,True,False
Girardia desiderensis,2028075,True,False
Cerradopatus sucuriuensis,2301453,True,False
Scarus zelindae,14269,True,False
Seira arenicola,2024317,True,False
Scartella itajobi,1742295,True,False
Megagidiella azul,2028039,True,False
Lepidocolaptes wagleri,7383,True,False
Lophiosilurus alexandri,663397,True,False
Merulaxis stresemanni,7435,True,False
Nyctibius leucopterus,2302331,True,False
Parancistrus nudiventris,1321035,True,False
Polyprion americanus,1020316,True,False
Atlantirivulus lazzarotoi,2025426,True,False
Ranacephala hogei,1253914,True,False
Procnias averano averano,2300277,True,False
Atlantoraja cyclophora,2303302,True,False
Carajas paraua,2027983,True,False
Leptasthenura platensis,7384,True,False
Gubernatrix cristata,2302767,True,True
Steindachneridion punctatum,1902636,True,False
Neomorphus geoffroyi dulcis,2025823,True,False
Pyrrhura pfrimeri,9148,True,False
Pseudonannolene gogo,2024253,True,False
Cynolebias leptocephalus,400382,True,True
Aegla inermis,2025191,True,False
Pseudosinella alfanjeunguiculata,2304162,True,False
Kingsleya attenboroughi,2300463,True,False
Sapajus flavius,2023758,True,False
Archisotoma catiae,2024347,True,False
Eukoenenia navi,2027996,True,False
Hypsolebias virgulatus,2025481,True,False
Iansaoniscus georginae,2028064,True,False
Sphyrna media,1022664,True,False
Heptapterus multiradiatus,866335,True,False
Petaloconchus myrakeenae,2026290,True,False
Delturus parahybae,866990,True,False
Fontitrygon colarensis,2303327,True,False
Thoropa petropolitana,519494,True,False
Anodontites iheringi,2026222,True,False
Caaeteboia gaeli,2302550,True,False
Metagonia diamantina,2024018,True,False
Poecilia akroa,2301305,True,False
Psophia obscura,2022933,True,False
Myrmecophaga tridactyla,13467,True,False
Automolus lammi,2022959,True,False
Carcharodon carcharias,10741,True,False
Stygichthys typhlops,1024735,True,False
Poneracantha wilsoni,2369443,True,False
Speothos venaticus,9374,True,False
Eurolophosaurus divaricatus,1251314,True,False
Balaenoptera borealis,10288,True,False
Crypturellus noctivagus noctivagus,2026044,True,False
Calamodontophis ronaldoi,1922680,True,False
Psalidodon uberaba,2300573,True,False
Pseudosinella serpentinensis,2304170,True,False
Epinephelus morio,2027536,True,False
Sphyrna mokarran,1011490,True,False
Parapoynx restingalis,1319894,True,False
Proceratophrys sanctaritae,2023135,True,False
Mergus octosetaceus,7434,True,False
Enyalius capetinga,2301683,True,False
Ceratophrys ornata,720585,True,False
Rowlandius potiguar,2024076,True,False
Cnesterodon carnegiei,335239,True,False
Hypocnemis hypoxantha ochraceiventris,2300339,True,False
Sphaenorhynchus canga,2300367,True,False
Cycloramphus stejnegeri,1085001,True,False
Leposternon scutigerum,1252371,True,False
Leontopithecus rosalia,12773,True,False
Monodelphis vossi,2300918,True,False
Hypsolebias carlettoi,2025443,True,False
Leopardus munoai,2302212,True,False
Coryphaspiza melanotis,2302764,True,False
Platyrinchus niveigularis,2480607,True,False
Pyriglena pernambucensis,2025971,True,False
Cynopoecilus intimus,1015546,True,False
Microakodontomys transitorius,2023726,True,False
Chiropotes satanas,1385910,True,False
Sula sula,6798,True,False
Hyalella caeca,2025180,True,False
Pyriglena atra,6654,True,False
Galeorhinus galeus,1021048,True,False
Spinus yarrellii,13972,True,False
Sapajus xanthosternos,2023755,True,False
Monocondylaea paraguayana,2026239,True,False
Garcialebias araucarianus,2479176,True,False
Sympterygia acuta,2303306,True,False
Dactyloa nasofrontalis,2023314,True,False
Trichomycterus rubbioli,2025735,True,False
Hylaeamys oniscus,2023718,True,False
Callicebus personatus,1547528,True,False
Hermanella amere,2024841,True,False
Anthinus henselii,2026315,True,False
Ctenomys bicolor,2026128,True,False
Holoscolex dossantosi,2301996,True,False
Procellosaurinus tetradactylus,760629,True,False
Melanorivulus linearis,2300582,True,False
Aratinga solstitialis,10144,True,True
Cacajao spp.,30342,True,False
Grallaria varia distincta,2025885,True,False
Pseudochthonius biseriatus,1940150,True,False
Pogonopoma parahybae,457749,True,False
Celeus torquatus pieteroyensi,2026018,True,False
Simpsonichthys santanae,599300,True,False
Placosoma limaverdorum,2301652,True,False
Hylopezus ochroleucus,7309,True,False
Sporophila falcirostris,2302379,True,True
Dichotomius schiffleri,1319776,True,False
Simpsonichthys boitonei,598025,True,False
Leptolebias marmoratus,1008081,True,False
Cassidulus infidus,1450852,True,False
Campylorhamphus cardosoi,2025849,True,False
Leontopithecus chrysopygus,12775,True,False
Alopoglossus collii,2301699,True,False
Hausera hauseri,2027578,True,False
Dendrocincla merula badia,2025856,True,False
Campellolebias dorsimaculatus,729970,True,False
Aegla perobae,2025210,True,False
Bothrops alcatraz,1255176,True,False
Hypsolebias radiosus,2025473,True,False
Otothyris juquiae,1012313,True,False
Paratrygon aiereba,2303349,True,False
Liolaemus occipitalis,1252673,True,False
Pseudonannolene spelaea,2024263,True,False
Iandumoema setimapocu,2024058,True,False
Caparaonia itaiquara,2023279,True,False
Odontopeltis giganteus,2024174,True,False
Sotalia guianensis,1541709,True,False
Perigona spelunca,2303908,True,False
Arrhopalites lawrencei,2028166,True,False
Nyctibius aethereus aethereus,2025841,True,False
Sotalia fluviatilis,9369,True,False
Contomastix vacariensis,2023269,True,False
Pongycarcinia xiphidiourus,1906630,True,False
Plesioptopoma curvidens,2025698,True,False
Rhincodon typus,9195,True,False
Cambeva mboycy,2301377,True,False
Thalpomys lasiotis,18031,True,False
Lagothrix lagothricha poeppigii,2300813,True,False
Sternarchorhynchus severii,1651224,True,False
Thamnophilus nigrocinereus tschudii,2025981,True,False
Chelonoidis denticulatus,2026528,True,False
Acyrtus pauciradiatus,1018133,True,False
Prochilodus britskii,1008599,True,False
Hyalyris leptalina leptalina,2024970,True,False
Sartor tucuruiensis,1010025,True,False
Hypsolebias janaubensis,2025458,True,False
Chaimowiczia obybytyra,2304041,True,False
Pyrrhura leucotis,9137,True,True
Characidium onca,2302624,True,False
Oxyruncus cristatus tocantinsi,2300410,True,False
Narcine brasiliensis,597287,True,False
Rhinoptera brasiliensis,2303382,True,False
Notholebias minimus,1660046,True,False
Arrhopalites alambariensis,2024561,True,False
Taoniscus nanus,6836,True,False
Aegla meloi,2300456,True,False
Pararrhopalites sideroicus,2028022,True,False
Vireo gracilirostris,6232,True,False
Phylloscartes roquettei,6507,True,False
Litoblatta camargoi,2028006,True,False
Melanophryniscus setiba,2025756,True,False
Hemiancistrus megalopteryx,287796,True,False
Psophia viridis,6635,True,False
Aegla leachi,2025195,True,False
Bachia psamophila,2023277,True,False
Sciades parkeri,1505001,True,False
Iansaoniscus leilae,2304045,True,False
Spintherobolus ankoseion,729093,True,False
Poecilotriccus albifacies,651740,True,False
Bachia didactyla,2023274,True,False
Spelaeogammarus sanctus,2028036,True,False
Leopardus geoffroyi,12783,True,False
Amphisbaena leucocephala,239024,True,False
Melanophryniscus klappenbachi,217776,True,False
Troglobius brasiliensis,2024274,True,False
Eufriesea pyrrhopyga,2301971,True,False
Leopardus tigrinus,12780,True,False
Calyptura cristata,2302335,True,False
Gymnodactylus vanzolinii,2023244,True,False
Lutjanus purpureus,2027531,True,False
Aegla microphthalma,2025202,True,False
Racekiela cavernicola,1620757,True,False
Pyrrhura griseipectus,1320171,True,True
Dendrocincla taunayi,2025857,True,False
Paratelmatobius lutzii,585579,True,False
Glaucis dohrnii,12310,True,False
Zapteryx brevirostris,2303400,True,False
Asthenes luizae,8332,True,False
Cardisoma guanhumi,782019,True,False
Melanorivulus paracatuensis,2025517,True,False
Heteragrion mantiqueirae,1763387,True,False
Malacoctenus brunoi,1813497,True,False
Girardia arenicola,2300138,True,False
Sporophila beltoni,2025987,True,False
Paracerura gandarela,2024404,True,False
Amphisbaena sanctaeritae,239003,True,False
Isurus oxyrinchus,596977,True,False
Numenius hudsonicus,2025820,True,False
Wallaciia urosema,2304077,True,False
Circoniscus buckupi,2028044,True,False
Hyporthodus niveatus,1789949,True,False
Hylexetastes uniformis,7306,True,False
Momotus momota marcgravianus,2025821,True,False
Xenops minutus alagoanus,2026015,True,False
Hypsolebias gardneri,2300690,True,False
Maratecoara formosa,1008043,True,False
Steindachneridion doceanum,1515357,True,False
Rhamdia enfurnada,1516024,True,False
Aylacostoma tenuilabris,2026265,True,False
Tisentnops onix,2027985,True,False
Calidris pusilla,2022901,True,False
Scada karschina delicata,2024981,True,False
Ischnocnema manezinho,1471056,True,False
Cambeva tropeiro,2302814,True,False
Brachycephalus quiririensis,2027591,True,False
Lasiocyano sazimai,2480602,True,False
Potiberaba porakuara,2027583,True,False
Eurycheilichthys apocremnus,2301955,True,False
Anodontites ferrarisii,2026221,True,False
Ituglanis bambui,334554,True,False
Carcharhinus perezi,751931,True,False
Procnias albus wallacei,2025848,True,False
Tmesiphantes hypogeus,2024038,True,False
Pyrrhura pallescens,2303060,True,False
Rhinella casconi,2027604,True,False
Kentropyx viridistriga,761082,True,False
Albinapis gracilis,2302020,True,False
Pituna brevirostrata,1743249,True,False
Phyllomys unicolor,1319861,True,False
Tropidurus erythrocephalus,231833,True,False
Tropidurus callathelys,231837,True,False
Phallotorynus fasciolatus,399594,True,False
Sympterygia bonapartii,2303307,True,False
Mycteroperca acutirostris,397377,True,False
Garcialebias adloffi,2479174,True,False
Megalobulimus lopesi,2303447,True,False
Eigenmannia vicentespelaea,527648,True,False
Thoropa lutzi,519496,True,False
Megascops alagoensis,2302804,True,False
Psophia interjecta,2025833,True,False
Parotocinclus spilosoma,1008637,True,False
Cacicus koepckeae,1691680,True,False
Ituglanis mambai,1813457,True,False
Glaucomastix abaetensis,2301646,True,False
Schizogenius ocellatus,1319933,True,False
Phaethon aethereus,6467,True,False
Charinus asturius,2024003,True,False
Nothura minor,6395,True,False
Carcharhinus falciformis,727285,True,False
Carcharhinus plumbeus,727194,True,False
Pteronura brasiliensis,9039,True,False
Xiphocolaptes falcirostris,6248,True,False
Cyanocyclas guahybensis,2302939,True,False
Matilebias ibicuiensis,2479191,True,False
Archolaemus ferreirai,2025575,True,False
Melanorivulus egens,2025503,True,False
Nemosia rourei,6365,True,False
Sphyrna lewini,1011601,True,False
Mussismilia braziliensis,2303412,True,False
Dichotomius eucranioides,237521,True,False
Linckia guildingi,1613605,True,False
Alouatta ululata,1319754,True,False
Leposoma sinepollex,2026163,True,False
Eudolichotis lacerta,2026328,True,False
Lepidothrix iris iris,2025912,True,False
Pterodroma arminjoniana,2023066,True,False
Mirinaba curytibana,1319842,True,False
Plesiophysa dolichomastix,2026378,True,False
Troglorhopalurus translucidus,2024090,True,False
Ochyrocera ritxoo,2303616,True,False
Amphisbaena ridleyi,239005,True,False
Phaethornis margarettae camargoi,2025816,True,False
Arrhopalites heteroculatus,2024564,True,False
Micrastur mintoni,851346,True,False
Leopardus wiedii,12781,True,False
Eufriesea brasilianorum,1319707,True,False
Sternarchorhynchus mareikeae,1744591,True,False
Columbina cyanopis,7007,True,False
Melanophryniscus cambaraensis,217780,True,False
Harttia panara,2300887,True,False
Marinussaurus curupira,2023285,True,False
Pseudosinella brumadinhoensis,2304163,True,False
Calidris subruficollis,2025819,True,False
Otaria flavescens,283604,True,False
Carcharias taurus,2303321,True,False
Inia geoffrensis,1688339,True,False
Potamolithus troglobius,2026259,True,False
Baryancistrus niveatus,1013913,True,False
Xiphorhynchus guttatoides gracilirostris,2300275,True,False
Canthon quadripunctatus,247005,True,False
Iansaoniscus paulae,2304046,True,False
Pulsatrix perspicillata pulsatrix,2026041,True,False
Pontoporia blainvillei,1711872,True,False
Herpailurus yagouaroundi,12502,True,False
Boana buriti,2300208,True,False
Camelobaetidius spinosus,2024829,True,False
Enyalius brasiliensis,559878,True,False
Harttia villasboas,2300889,True,False
Thripophaga macroura,6880,True,False
Sterna hirundinacea,2303165,True,False
Pyrilia vulturina,2023086,True,False
Alopias vulpinus,597475,True,False
Kiautagrion acutum,2303191,True,False
Partamona littoralis,1789240,True,False
Ferricixius michaeli,2304158,True,False
Charinus caatingae,2027978,True,False
Pampasatyrus glaucope glaucope,2024980,True,False
Hypostomus subcarinatus,550880,True,False
Atractus thalesdelemai,1531076,True,False
Pseudobatos lentiginosus,2027572,True,False
Balistes capriscus,1011985,True,False
Nematolebias catimbau,2025537,True,False
Copelatus cessaima,2024719,True,False
Cerradomys goytaca,2023694,True,False
Amphisbaena uroxena,2023233,True,False
Odontostomus dautzenbergianus,2303232,True,False
Tropidurus chromatops,231836,True,False
Cycloramphus diringshofeni,1069737,True,False
Cayenniola albaserrata,2304308,True,False
Formicivora grantsaui,2022992,True,False
Mobula mobular,2303287,True,False
Pseudosinella cearensis,2304164,True,False
Calyptommatus sinebrachiatus,694370,True,False
Lycomorphon brasiliense,2024752,True,False
Dendrexetastes paraensis paraensis,2303541,True,False
Hypocnemis striata,2022996,True,False
Hyphessobrycon flammeus,863998,True,False
Ituglanis epikarsticus,334553,True,False
Squatina argentina,1020432,True,False
Hypsolebias trilineatus,2025480,True,False
Ololygon alcatraz,2026543,True,False
Megalops atlanticus,1021037,True,False
Alouatta guariba,9820,True,False
Gonycranaus pluto,2027989,True,False
Hypocnemis ochrogyna,2022994,True,False
Xipholena atropurpurea,8272,True,False
Nyctimantis pomba,2302739,True,False
Formicivora iheringi,7193,True,False
Liolaemus lutzae,1252659,True,False
Miroculis stenopterus,2301186,True,False
Liolaemus arambarensis,1252577,True,False
Coarazuphium spinifemur,2028008,True,False
Sternarchorhynchus jaimei,1928374,True,False
Fregata trinitatis,2301555,True,False
Apostolepis gaboi,1372826,True,False
Garcialebias pelotapes,2479184,True,False
Ischnocnema karst,2300243,True,False
Hyphessobrycon veredus,2301553,True,False
Mimagoniates lateralis,1010042,True,False
Cetorhinus maximus,10925,True,False
Balaenoptera physalus,10283,True,False
Cambeva crassicaudata,2300848,True,False
Hypsolebias fasciatus,2025446,True,False
Hyporthodus flavolimbatus,1745397,True,False
Arhysosage cactorum,1672169,True,False
Neopelma aurifrons,6379,True,False
Charinus spelaeus,2027981,True,False
Prochilodus vimboides,1009254,True,False
Alopias superciliosus,597476,True,False
Leptokoenenia thalassophobica,2024073,True,False
Rioraja agassizii,2303308,True,False
Neoplecostomus botucatu,2025679,True,False
Kinnapotiguara troglobia,2027580,True,False
Hypsolebias notatus,2025468,True,False
Amphisbaena carli,2023226,True,False
Euparkerella robusta,2023796,True,False
Capito dayi,8403,True,False
Grallaria varia intercedens,2025886,True,False
Negaprion brevirostris,661421,True,False
Bathygobius brasiliensis,2300741,True,False
Parathyone surinamensis,1759550,True,False
Potamolithus karsticus,2303230,True,False
Tangara fastuosa,7722,True,True
Tolypeutes tricinctus,18037,True,False
Pyrrhura molinae,9134,True,False
Loxosceles troglobia,2300136,True,False
Leporinus guttatus,1743007,True,False
Myrmotherula fluminensis,6349,True,False
Mycteroperca bonaci,397661,True,False
Cambeva igobi,2300850,True,False
Melanophryniscus formosus,217778,True,False
Friesea noronhaensis,2304258,True,False
Ischnocnema garciai,2300267,True,False
Glossoscolex lutocolus,2301843,True,False
Ituglanis ramiroi,334552,True,False
Trogolaphysa aelleni,1319879,True,False
Sporophila melanogaster,2302374,True,True
Leptopanchax opalescens,2300732,True,False
Coarazuphium ricardoi,2024688,True,False
Eukoenenia spelunca,2024070,True,False
Relictopiolus galadriel,2027992,True,False
Brycon vermelha,1014223,True,False
Ditaxodon taeniatus,1516527,True,False
Onychorhynchus swainsoni,2303169,True,False
Cryptops spelaeoraptor,2024106,True,False
Falsocaenia santatereza,2303217,True,False
Anablepsoides cearensis,2025406,True,False
Anisolepis undulatus,240912,True,False
Dysithamnus plumbeus,7137,True,False
Thespieus maacki,2304779,True,False
Brycon orbignyanus,1006630,True,False
Parotocinclus seridoensis,2025694,True,False
Brycon dulcis,2301465,True,False
Aegla camargoi,2025184,True,False
Glaucomastix itabaianensis,2301684,True,False
Crypturellus zabele,2302837,True,False
Touit melanonotus,718144,True,False
Anabazenops dorsalis,1320132,True,False
Amphisbaena bahiana,238956,True,False
Spaeleoleptes spaeleus,2024052,True,False
Arremonops conirostris,2302322,True,False
Baryancistrus longipinnis,1017489,True,False
Balaenoptera musculus,10284,True,False
Chrysocyon brachyurus,11050,True,False
Stenocercus azureus,1254131,True,False
Glomeridesmus spelaeus,2024111,True,False
Ybyrapora gamba,2301749,True,False
Anomaloglossus tepequem,2300232,True,False
Saimiri vanzolinii,9264,True,False
Ateles chamek,10235,True,False
Pseudosinella paraensis,2304189,True,False
Lonchophylla dekeyseri,17728,True,False
Haasica balzani,2026233,True,False
Aegla leptochela,2025196,True,False
Camelobaetidius maranhensis,2024823,True,False
Penelope pileata,13937,True,False
Ridleyconcha quinquelirata,2303223,True,False
Touit surdus,1320176,True,False
Cynolebias parnaibensis,1514244,True,False
Isotomiella uai,2024390,True,False
Melanophryniscus biancae,2027597,True,False
Melanorivulus interruptus,2300580,True,False
Metopiellus painensis,2028010,True,False
Ololygon faivovichi,2026557,True,False
Crax fasciolata pinima,2025828,True,False
Prognathodes obliquus,728974,True,False
Myliobatis ridens,2303347,True,False
Psophia dextralis,2022932,True,False
Plecturocebus brunneus,2300825,True,False
Spelaeobochica allodentatus,1637844,True,False
Matilebias cyaneus,2479190,True,False
Simpulopsis wiebesi,2026385,True,False
Sluysia triapertura,2028078,True,False
Coarazuphium lundi,2303892,True,False
Hypanus marianae,2303341,True,False
Mycteroperca interstitialis,397660,True,False
Cynolebias elegans,399907,True,False
Cylindroniscus platoi,2304044,True,False
Dendrocolaptes retentus,2025862,True,False
Brasiliscincus caissara,2026168,True,False
Melanophryniscus macrogranulosus,217775,True,False
Hydropsalis candicans,2022871,True,False
Hypsolebias ghisolfii,2025451,True,False
Euglossa cyanochlora,1468658,True,False
Rhegmatorhina gymnops,6673,True,False
Bothrops otavioi,2023443,True,False
Lonchophylla bokermanni,17727,True,False
Spelaeobochica muchmorei,1853279,True,False
Megalobulimus proclivis,2303450,True,False
Simpsonichthys punctulatus,1797200,True,False
Fimoscolex sporadochaetus,1319782,True,False
Listrura nematopteryx,729897,True,False
Mobula tarapacana,2303288,True,False
Acrolebias carvalhoi,2479196,True,False
Lophornis gouldii,12957,True,False
Colibri delphinae greenewalti,2300276,True,False
Sphyrna gilberti,2027634,True,False
Garcialebias botocudo,2479178,True,False
Potamotrygon marquesi,2303368,True,False
Hypsolebias picturatus,2025471,True,False
Potamotrygon leopoldi,2303366,True,False
Leopardus colocola,12782,True,False
Melanorivulus amambaiensis,2300577,True,False
Simpsonichthys parallelus,598314,True,False
Arrhopalites glabrofasciatus,2300035,True,False
Hypsolebias macaubensis,2025461,True,False
Troglobius ferroicus,2024275,True,False
Thaumastus lundi,2026342,True,False
Diplodon fontainianus,2026205,True,False
Ctenomys ibicuiensis,2026129,True,False
Hyalella formosa,2028027,True,False
Simpsonichthys espinhacensis,2300597,True,False
Cassidulus mitis,1619701,True,False
Hypancistrus zebra,1010852,True,True
Notholebias fractifasciatus,1955725,True,False
Stegastes rocasensis,525932,True,False
Cypholebias cinereus,2479200,True,False
Campellolebias brucei,728415,True,False
Heterodactylus lundii,1319795,True,False
Dichotomius mysticus,1907375,True,False
Melipona capixaba,1319837,True,False
Blastocerus dichotomus,10403,True,False
Seborgia potiguar,2027581,True,False
Altitatiayus godinhorum,2024734,True,False
Hasemania maxillaris,1009041,True,False
Stichelia pelotensis,773963,True,False
Leopardus braccatus,1541543,True,False
Synallaxis kollari,1088128,True,False
Xylophanes mielkei,2302169,True,False
Coarazuphium cessaima,1319803,True,False
Gonyostomus insularis,1319822,True,False
Pararrhopalites papaveroi,2024280,True,False
Rhopalothrix plaumanni,1092158,True,False
Leptopanchax itanhaensis,2300731,True,False
Hyperaulax ridleyi,2303183,True,False
Conopophaga cearae,2300280,True,False
Notorynchus cepedianus,1020704,True,False
Cnipodectes superrufus,1320786,True,False
Trogolaphysa barroca,2304172,True,False
Hippocampus reidi,12543,True,True
Scarus trispinosus,1015332,True,False
Campylopterus calcirupicola,2300417,True,False
Crossodactylus dispar,390977,True,False
Hypsolebias fulminantis,2025450,True,False
Phalloptychus iheringii,2025397,True,False
Ybyrapora diversipes,2301748,True,False
Typhochlaena seladonia,2024043,True,False
Lepidocharax diamantina,2025343,True,False
Parides ascanius,376116,True,False
Matilebias paucisquama,2479193,True,False
Myrmoderus ruficauda,2300486,True,False
Tayassu pecari,7774,True,False
Epiperipatus ohausi,2026424,True,False
Nematocharax varii,2302429,True,False
Cycloramphus faustoi,1835430,True,False
Trigonectes strigabundus,14310,True,False
Hypsolebias alternatus,2025438,True,False
Matilebias camaquensis,2479189,True,False
Pseudonannolene lundi,2028000,True,False
Hippocampus erectus,12556,True,True
Phyllomys centralis,2302818,True,False
Atractus caete,2023365,True,False
Arlea arenicola,2024351,True,False
Sparisoma frondosum,598619,True,False
Hypsolebias hamadryades,2300691,True,False
Brycon vonoi,2300898,True,False
Spelunconiscus castroi,2028061,True,False
Megalobulimus fragilior,2303445,True,False
Amphisbaena persephone,2301642,True,False
Physalaemus soaresi,2303121,True,False
Psilops mucugensis,2301654,True,False
Calyptommatus leiolepis,694372,True,False
Alexandresaurus camacan,1821686,True,False
Procellaria aequinoctialis,6610,True,False
Elacatinus figaro,866535,True,True
Coarazuphium xikrin,2303893,True,False
Pyrrhura perlata,9131,True,False
Pyrrhura coerulescens,2300403,True,False
Alouatta guariba clamitans,2026602,True,False
Anodorhynchus hyacinthinus,9941,True,False
Aegla cavernicola,2025186,True,False
Thalassarche chlororhynchos,787487,True,False
Cynolebias gorutuba,2300570,True,False
Granatellus pelzelni paraensis,2300400,True,False
Altitatiayus dulceae,2024733,True,False
Alouatta belzebul,9818,True,False
Diopatra victoriae,2303483,True,False
Hylopezus paraensis,2025888,True,False
Trinomys yonenagae,2023649,True,False
Lepidochelys olivacea,12784,True,False
Pterodroma incerta,2023068,True,False
Otophidium chickcharney,525019,True,False
Austrolebias ephemerus,2300717,True,False
Eukoenenia virgemdalapa,2024071,True,False
Garcialebias lourenciano,2479180,True,False
Hypsolebias gibberatus,2025452,True,False
Pteroglossus bitorquatus bitorquatus,2026025,True,False
Pectenoniscus sepultus,2304061,True,False
Synapterpes hanleyi,2026397,True,False
Hypsolebias flammeus,2025448,True,False
Amphisbaena heathi,239030,True,False
Archisotoma arariboia,2300034,True,False
Carcharhinus acronotus,727296,True,False
Hyphessobrycon duragenys,866946,True,False
Scartella poiti,728350,True,False
Ochyrocera ibitipoca,2024017,True,False
Ololygon peixotoi,2026573,True,False
Leposoma nanodactylus,548810,True,False
Phaethornis margarettae,1319908,True,False
Hypsolebias mediopapillatus,2025464,True,False
Guaruba guarouba,7241,True,True
Celeus flavus subflavus,2026016,True,False
Thunnus thynnus,1026042,True,False
Trichogenes claviger,1501619,True,False
Eukoenenia jequitinhonha,2027993,True,False
Pimelodella kronei,804043,True,False
Pseudochthonius limettioides,2304309,True,False
Hollandichthys taramandahy,2025333,True,False
Xenurolebias myersi,2025550,True,False
Brachycephalus mirissimus,2300411,True,False
Trogolaphysa chapelensis,2304174,True,False
Monasa morphoeus morphoeus,2025825,True,False
Antilophia bokermanni,8312,True,False
Enyalius erythroceneus,1518921,True,False
Iodopleura pipra pipra,2025994,True,False
Arhysosage flava,1390338,True,False
Cyclopes rufus,2300421,True,False
Hypsolebias longignatus,2025459,True,False
Laterallus xenopterus,7368,True,False
Astyanax brucutu,2301463,True,False
Coleodactylus natalensis,830637,True,False
Coryphistera alaudina,7034,True,False
Proceratophrys ararype,2300383,True,False
Leposternon mineiro,2301650,True,False
Piculus polyzonus,2026023,True,False
Bothrops itapetiningae,1255191,True,False
Morpho epistrophus nikolajewna,2024975,True,False
Ateles marginatus,10232,True,False
Rhipidomys cariri,2023593,True,False
Isotogastrura mucrospatulata,2024468,True,False
Myrmotherula urosticta,6342,True,False
Cynopoecilus multipapillatus,1015548,True,False
Pyrrhura anerythra,2300402,True,False
Melanorivulus rutilicaudus,2025528,True,False
Pempheris gasparinii,2300748,True,False
Minagrion canaanense,763960,True,False
Crossodactylus boulengeri,2300354,True,False
Trinomys moojeni,18058,True,False
Arrhopalites paranaensis,2024565,True,False
Ophthalmolebias constanciae,2025540,True,False
Hypsolebias rufus,2025475,True,False
Attila spadiceus uropygiatus,2025999,True,False
Metopioxys carajas,2303904,True,False
Epinephelus marginatus,2027533,True,False
Corallus cropanii,1455550,True,False
Parotocinclus spilurus,1008638,True,False
Arrhopalites gnaspinii,2024563,True,False
Cavia intermedia,2023618,True,False
Carcharhinus signatus,727191,True,False
Bothrops insularis,1255190,True,False
Enneanectes smithi,176021,True,False
Trinomys eliasi,2023644,True,False
Pristis pristis,2303393,True,False
Castalia martensi,2026199,True,False
Pseudonannolene tocaiensis,2024266,True,False
Ancistrus formoso,866750,True,False
Parides bunichus chamissonia,2025023,True,False
Leila blainvilliana,2026235,True,False
Cyphorhinus griseolateralis,2300332,True,False
Arrhopalites amorimi,2028165,True,False
Glaucomastix cyanura,2301647,True,False
Hyalella imbya,2028028,True,False
Bradypus torquatus,10472,True,False
Eukoenenia potiguar,2024068,True,False
Ozotoceros bezoarticus bezoarticus,2300200,True,False
Macrostrombus costatus,2026286,True,False
Lagothrix lagothricha cana,2300812,True,False
Eretmochelys imbricata,11816,True,False
Urubitinga coronata,2022862,True,False
Diomedea dabbenena,1319809,True,False
Parides panthonus castilhoi,2025026,True,False
Whiteheadiana thaisae,2304246,True,False
Sphyrna tiburo,1020429,True,False
Saguinus bicolor,9255,True,False
Celeus torquatus tinnunculus,2026019,True,False
Proceratophrys palustris,580462,True,False
Hypomasticus santanai,2302274,True,False
Aegla rosanae,2300448,True,False
Ateles belzebuth,10236,True,False
Cichlopsis leucogenys,6981,True,False
Astropecten marginatus,1884954,True,False
Sporophila maximiliani,2302377,True,False
