id_pan,nome_cientifico
CBC_01.01,Actinote quadra
CBC_01.01,Actinote zikani
CBC_01.01,Arawacus aethesa
CBC_01.01,Charonias theano
CBC_01.01,Dasyophthalma geraensis
CBC_01.01,Dasyophthalma rusina delanira
CBC_01.01,Dasyophthalma vertebralis
CBC_01.01,Dirphia monticola
CBC_01.01,Doxocopa zalmunna
CBC_01.01,Drephalys miersi
CBC_01.01,Drephalys mourei
CBC_01.01,Episcada vitrea
CBC_01.01,Eresia erysice erysice
CBC_01.01,Euptychia boulleti
CBC_01.01,Eurytides iphitas
CBC_01.01,Euselasia eberti
CBC_01.01,Heliconius nattereri
CBC_01.01,Heraclides himeros baia
CBC_01.01,Heraclides himeros himeros
CBC_01.01,Hesperocharis emeris emeris
CBC_01.01,Hyalyris fiammetta
CBC_01.01,Magnastigma julia
CBC_01.01,Mcclungia cymo fallens
CBC_01.01,Melinaea mnasias thera
CBC_01.01,Mimoides lysithous harrisianus
CBC_01.01,Morpho epistrophus nikolajewna
CBC_01.01,Morpho menelaus eberti
CBC_01.01,Moschoneura pinthous methymna
CBC_01.01,não é mais subespécie
CBC_01.01,Napeogenes rhezia rhezia
CBC_01.01,Narope guilhermei
CBC_01.01,Ochropyge ruficauda
CBC_01.01,Orobrassolis ornamentalis
CBC_01.01,Oxynetra roscius iphimedia
CBC_01.01,Paititia neglecta
CBC_01.01,Pampasatyrus glaucope boenninghauseni
CBC_01.01,Pampasatyrus gyrtone
CBC_01.01,Panara ovifera
CBC_01.01,Parapoynx restingalis
CBC_01.01,Parelbella polyzona
CBC_01.01,Parides ascanius
CBC_01.01,Parides bunichus chamissonia
CBC_01.01,Parides burchellanus
CBC_01.01,Parides lysander mattogrossensis
CBC_01.01,Parides panthonus castilhoi
CBC_01.01,Paulogramma hydarnis
CBC_01.01,Perrhybris pamela flava
CBC_01.01,Petrocerus catiena
CBC_01.01,Polygrapha suprema
CBC_01.01,Pseudocroniades machaon seabrai
CBC_01.01,Rhetus belphegor
CBC_01.01,Scada karschina delicata
CBC_01.01,Tithorea harmonia caissara
CBC_01.01,Turmosa camposa
CBC_01.01,Voltinia sanarita
CBC_01.01,Xenandra heliodes dibapha
CBC_01.01,Zonia zonia diabo
CBC_02.01,Actenosigynes mantiqueirensis
CBC_02.01,Actinote quadra
CBC_02.01,Actinote zikani
CBC_02.01,Adelpha atlantica
CBC_02.01,Albinapis gracilis
CBC_02.01,Arawacus aethesa
CBC_02.01,Arhysoceble picta
CBC_02.01,Arhysosage cactorum
CBC_02.01,Arhysosage flava
CBC_02.01,Bombus bahiensis
CBC_02.01,Bombus bellicosus
CBC_02.01,Centris hyptidoides
CBC_02.01,Centris thelyopsis
CBC_02.01,Cephalotrigona capitata
CBC_02.01,Charonias theano
CBC_02.01,Cunizza hirlanda fulvinota
CBC_02.01,Cunizza hirlanda planasia
CBC_02.01,Cyanophrys bertha
CBC_02.01,Doxocopa zalmunna
CBC_02.01,Drephalys miersi
CBC_02.01,Drephalys mourei
CBC_02.01,Epicharis minima
CBC_02.01,Epicharis pygialis
CBC_02.01,Episcada vitrea
CBC_02.01,Eresia erysice erysice
CBC_02.01,Eufriesea aeneiventris
CBC_02.01,Eufriesea brasilianorum
CBC_02.01,Eufriesea pyrrhopyga
CBC_02.01,Euglossa avicula
CBC_02.01,Euglossa botocuda
CBC_02.01,Euglossa cyanochlora
CBC_02.01,Euglossa decorata
CBC_02.01,Euglossa marianae
CBC_02.01,Eulaema felipei
CBC_02.01,Exaerete salsai
CBC_02.01,Exomalopsis atlantica
CBC_02.01,Glennia pylotis
CBC_02.01,Heliconius nattereri
CBC_02.01,Heraclides chiansiades
CBC_02.01,Heraclides garleppi lecerfi
CBC_02.01,Heraclides himeros baia
CBC_02.01,Heraclides himeros himeros
CBC_02.01,Hexantheda missionica
CBC_02.01,Hyalyris fiammetta
CBC_02.01,Hypoleria fallens
CBC_02.01,Hypoleria lavinia mulviana
CBC_02.01,Joiceya praeclarus
CBC_02.01,Lanthanomelissa betinae
CBC_02.01,Lanthanomelissa clementis
CBC_02.01,Magnastigma julia
CBC_02.01,Mcclungia cymo fallens
CBC_02.01,Melinaea mnasias thera
CBC_02.01,Melipona asilvai
CBC_02.01,Melipona bicolor
CBC_02.01,Melipona capixaba
CBC_02.01,Melipona fuliginosa
CBC_02.01,Melipona mandacaia
CBC_02.01,Melipona marginata
CBC_02.01,Melipona mondury
CBC_02.01,Melipona quinquefasciata
CBC_02.01,Melipona rufiventris
CBC_02.01,Melipona scutellaris
CBC_02.01,Melipona subnitida
CBC_02.01,Melipona torrida
CBC_02.01,Mimoides lysithous harrisianus
CBC_02.01,Mimoides lysithous sebastianus
CBC_02.01,Moschoneura pinthous methymna
CBC_02.01,Napeogenes rhezia rhezia
CBC_02.01,Nyceryx mielkei
CBC_02.01,Oxynetra roscius iphimedia
CBC_02.01,Pampasatyrus glaucope boenninghauseni
CBC_02.01,Pampasatyrus glaucope eberti
CBC_02.01,Pampasatyrus glaucope glaucope
CBC_02.01,Pampasatyrus gyrtone
CBC_02.01,Pampasatyrus reticulata
CBC_02.01,Pampasatyrus reticulata gagarini
CBC_02.01,Panara ovifera
CBC_02.01,Paratrigona incerta
CBC_02.01,Parelbella polyzona
CBC_02.01,Parides ascanius
CBC_02.01,Parides bunichus chamissonia
CBC_02.01,Parides burchellanus
CBC_02.01,Parides hahneli
CBC_02.01,Parides klagesi
CBC_02.01,Parides panthonus
CBC_02.01,Parides panthonus castilhoi
CBC_02.01,Parides tros danunciae
CBC_02.01,Partamona ailyae
CBC_02.01,Partamona combinata
CBC_02.01,Partamona littoralis
CBC_02.01,Perrhybris pamela flava
CBC_02.01,Petrocerus catiena
CBC_02.01,Plebeia grapiuna
CBC_02.01,Praepedaliodes sequeirae
CBC_02.01,Pseudocroniades machaon seabrai
CBC_02.01,Pterourus xanthopleura
CBC_02.01,Rhetus belphegor
CBC_02.01,Scada karschina delicata
CBC_02.01,Scada karschina karschina
CBC_02.01,Scaura cearensis
CBC_02.01,Schwarziana bocainensis
CBC_02.01,Strymon ohausi
CBC_02.01,Tetraglossula fucosa
CBC_02.01,Tithorea harmonia caissara
CBC_02.01,Turmosa camposa
CBC_02.01,Voltinia sanarita
CBC_02.01,Zonia zonia diabo
CECAV_01.01,Lonchophylla dekeyseri
CECAV_02.01,Anapistula guyri
CECAV_02.01,Charinus troglobius
CECAV_02.01,Coarazuphium bezerra
CECAV_02.01,Coarazuphium pains
CECAV_02.01,Eigenmannia vicentespelaea
CECAV_02.01,Giupponia chagasi
CECAV_02.01,Iandumoema uai
CECAV_02.01,Lonchophylla bokermanni
CECAV_02.01,Lonchophylla dekeyseri
CECAV_02.01,Stygichthys typhlops
CECAV_02.01,Trichomycterus itacarambiensis
CECAV_03.01,Acherontides eleonorae
CECAV_03.01,Aegla cavernicola
CECAV_03.01,Aegla charon
CECAV_03.01,Aegla leptochela
CECAV_03.01,Aegla microphthalma
CECAV_03.01,Aegla renana
CECAV_03.01,Amazoniscus leistikowi
CECAV_03.01,Ananteris infuscata
CECAV_03.01,Ancistrus cryptophthalmus
CECAV_03.01,Ancistrus formoso
CECAV_03.01,Ariadna aurea
CECAV_03.01,Arrhopalites alambariensis
CECAV_03.01,Arrhopalites amorimi
CECAV_03.01,Arrhopalites botuveraensis
CECAV_03.01,Arrhopalites glabrofasciatus
CECAV_03.01,Arrhopalites gnaspinii
CECAV_03.01,Arrhopalites heteroculatus
CECAV_03.01,Arrhopalites lawrencei
CECAV_03.01,Arrhopalites paranaensis
CECAV_03.01,Brasileirinho cavaticus
CECAV_03.01,Brasilomma enigmatica
CECAV_03.01,Carajas paraua
CECAV_03.01,Charinus acaraje
CECAV_03.01,Charinus caatingae
CECAV_03.01,Charinus eleonorae
CECAV_03.01,Charinus ferreus
CECAV_03.01,Charinus potiguar
CECAV_03.01,Charinus spelaeus
CECAV_03.01,Charinus taboa
CECAV_03.01,Charinus troglobius
CECAV_03.01,Circoniscus buckupi
CECAV_03.01,Circoniscus carajasensis
CECAV_03.01,Coarazuphium amazonicus
CECAV_03.01,Coarazuphium caatinga
CECAV_03.01,Coarazuphium cessaima
CECAV_03.01,Coarazuphium formoso
CECAV_03.01,Coarazuphium pains
CECAV_03.01,Coarazuphium ricardoi
CECAV_03.01,Coarazuphium spinifemur
CECAV_03.01,Coarazuphium tapiaguassu
CECAV_03.01,Coarazuphium tessai
CECAV_03.01,Copelatus cessaima
CECAV_03.01,Cryptops iporangensis
CECAV_03.01,Cryptops spelaeoraptor
CECAV_03.01,Cubacubana spelaea
CECAV_03.01,Discocyrtus pedrosoi
CECAV_03.01,Dobrodesmus mirabilis
CECAV_03.01,Drymusa spelunca
CECAV_03.01,Eigenmannia vicentespelaea
CECAV_03.01,Endecous apterus
CECAV_03.01,Endecous peruassuensis
CECAV_03.01,Eukoenenia cavatica
CECAV_03.01,Eukoenenia eywa
CECAV_03.01,Eukoenenia jequitinhonha
CECAV_03.01,Eukoenenia maquinensis
CECAV_03.01,Eukoenenia navi
CECAV_03.01,Eukoenenia neytiri
CECAV_03.01,Eukoenenia potiguar
CECAV_03.01,Eukoenenia sagarana
CECAV_03.01,Eukoenenia spelunca
CECAV_03.01,Eukoenenia virgemdalapa
CECAV_03.01,Eusarcus elinae
CECAV_03.01,Ferricixius davidi
CECAV_03.01,Furipterus horrens
CECAV_03.01,Girardia arenicola
CECAV_03.01,Girardia desiderensis
CECAV_03.01,Girardia multidiverticulata
CECAV_03.01,Girardia paucipuntacta
CECAV_03.01,Giupponia chagasi
CECAV_03.01,Glaphyropoma spinosum
CECAV_03.01,Glomeridesmus spelaeus
CECAV_03.01,Gonycranaus pluto
CECAV_03.01,Harmonicon cerberus
CECAV_03.01,Hausera hauseri
CECAV_03.01,Hyalella caeca
CECAV_03.01,Hyalella epikarstica
CECAV_03.01,Hyalella formosa
CECAV_03.01,Hyalella imbya
CECAV_03.01,Hyalella veredae
CECAV_03.01,Iandumoema setimapocu
CECAV_03.01,Iandumoema smeagol
CECAV_03.01,Iandumoema uai
CECAV_03.01,Iansaoniscus georginae
CECAV_03.01,Iansaoniscus iraquara
CECAV_03.01,Ideoroncus cavicola
CECAV_03.01,Isoctenus corymbus
CECAV_03.01,Ituglanis bambui
CECAV_03.01,Ituglanis epikarsticus
CECAV_03.01,Ituglanis mambai
CECAV_03.01,Ituglanis passensis
CECAV_03.01,Ituglanis ramiroi
CECAV_03.01,Iuiuia caeca
CECAV_03.01,Iuiuniscus iuiuensis
CECAV_03.01,Kinnapotiguara troglobia
CECAV_03.01,Leodesmus yporangae
CECAV_03.01,Leptokoenenia pelada
CECAV_03.01,Leptokoenenia thalassophobica
CECAV_03.01,Litoblatta camargoi
CECAV_03.01,Lonchophylla dekeyseri
CECAV_03.01,Loxosceles troglobia
CECAV_03.01,Maxchernes iporangae
CECAV_03.01,Megagidiella azul
CECAV_03.01,Metagonia diamantina
CECAV_03.01,Metagonia potiguar
CECAV_03.01,Metopiellus painensis
CECAV_03.01,Natalus macrourus
CECAV_03.01,Newportia potiguar
CECAV_03.01,Newportia spelaea
CECAV_03.01,Ochyrocera ibitipoca
CECAV_03.01,Oncinocampa trajanoae
CECAV_03.01,Pachylospeleus strinatii
CECAV_03.01,Pararrhopalites papaveroi
CECAV_03.01,Pararrhopalites sideroicus
CECAV_03.01,Pararrhopalites ubiquum
CECAV_03.01,Pararrhopalites wallacei
CECAV_03.01,Peridontodesmella alba
CECAV_03.01,Pimelodella kronei
CECAV_03.01,Pimelodella spelaea
CECAV_03.01,Pongycarcinia xiphidiourus
CECAV_03.01,Potamolithus karsticus
CECAV_03.01,Potamolithus troglobius
CECAV_03.01,Potiberaba porakuara
CECAV_03.01,Progarypus nigrimanus
CECAV_03.01,Pseudochthonius biseriatus
CECAV_03.01,Pseudonannolene ambuatinga
CECAV_03.01,Pseudonannolene imbirensis
CECAV_03.01,Pseudonannolene lundi
CECAV_03.01,Pseudonannolene spelaea
CECAV_03.01,Pseudonannolene tocaiensis
CECAV_03.01,Pseudosinella guanhaensis
CECAV_03.01,Racekiela cavernicola
CECAV_03.01,Relictopiolus galadriel
CECAV_03.01,Rhamdiopsis krugi
CECAV_03.01,Rowlandius ubajara
CECAV_03.01,Sandalodesmus stramineus
CECAV_03.01,Schizogenius ocellatus
CECAV_03.01,Scolopocryptops troglocaudatus
CECAV_03.01,Seborgia potiguar
CECAV_03.01,Sluysia triapertura
CECAV_03.01,Spaeleoleptes spaeleus
CECAV_03.01,Spelaeobochica allodentatus
CECAV_03.01,Spelaeobochica iuiu
CECAV_03.01,Spelaeobochica muchmorei
CECAV_03.01,Spelaeochernes gracilipalpus
CECAV_03.01,Spelaeogammarus bahiensis
CECAV_03.01,Spelaeogammarus sanctus
CECAV_03.01,Spelaeogammarus santanensis
CECAV_03.01,Spelaeogammarus spinilacertus
CECAV_03.01,Spelaeogammarus titan
CECAV_03.01,Spelaeogammarus trajanoae
CECAV_03.01,Spelunconiscus castroi
CECAV_03.01,Speocera eleonorae
CECAV_03.01,Spinopilar moria
CECAV_03.01,Spiripockia punctata
CECAV_03.01,Stygichthys typhlops
CECAV_03.01,Tisentnops onix
CECAV_03.01,Tmesiphantes hypogeus
CECAV_03.01,Trichomycterus dali
CECAV_03.01,Trichomycterus itacarambiensis
CECAV_03.01,Trichomycterus rubbioli
CECAV_03.01,Tricongius ybyguara
CECAV_03.01,Troglobius brasiliensis
CECAV_03.01,Troglobius ferroicus
CECAV_03.01,Troglorhopalurus translucidus
CECAV_03.01,Trogolaphysa aelleni
CECAV_03.01,Xangoniscus aganju
CECAV_03.01,Xangoniscus itacarambiensis
CECAV_03.01,Xangoniscus odara
CEMAVE_01.01,Crax blumenbachii
CEMAVE_02.01,Diomedea dabbenena
CEMAVE_02.01,Diomedea epomophora
CEMAVE_02.01,Diomedea exulans
CEMAVE_02.01,Diomedea sanfordi
CEMAVE_02.01,Fulmarus glacialoides
CEMAVE_02.01,Macronectes giganteus
CEMAVE_02.01,Phoebetria fusca
CEMAVE_02.01,Procellaria aequinoctialis
CEMAVE_02.01,Procellaria conspicillata
CEMAVE_02.01,Pterodroma arminjoniana
CEMAVE_02.01,Puffinus gravis
CEMAVE_02.01,Puffinus lherminieri
CEMAVE_02.01,Thalassarche chlororhynchos
CEMAVE_02.01,Thalassarche chrysostoma
CEMAVE_02.01,Thalassarche melanophris
CEMAVE_03.01,Anodorhynchus leari
CEMAVE_04.01,Accipiter bicolor
CEMAVE_04.01,Accipiter poliogaster
CEMAVE_04.01,Accipiter striatus
CEMAVE_04.01,Accipiter superciliosus
CEMAVE_04.01,Aegolius harrisii
CEMAVE_04.01,Amadonastur lacernulatus
CEMAVE_04.01,Asio flammeus
CEMAVE_04.01,Asio stygius
CEMAVE_04.01,Bubo virginianus
CEMAVE_04.01,Busarellus nigricollis
CEMAVE_04.01,Buteo albonotatus
CEMAVE_04.01,Buteo swainsoni
CEMAVE_04.01,Buteogallus aequinoctialis
CEMAVE_04.01,Chondrohierax uncinatus
CEMAVE_04.01,Circus cinereus
CEMAVE_04.01,Falco deiroleucus
CEMAVE_04.01,Falco femoralis
CEMAVE_04.01,Falco rufigularis
CEMAVE_04.01,Geranoaetus melanoleucus
CEMAVE_04.01,Glaucidium brasilianum
CEMAVE_04.01,Glaucidium hardyi
CEMAVE_04.01,Glaucidium minutissimum
CEMAVE_04.01,Glaucidium mooreorum
CEMAVE_04.01,Harpia harpyja
CEMAVE_04.01,Herpetotheres cachinnans
CEMAVE_04.01,Ibycter americanus
CEMAVE_04.01,Leptodon cayanensis
CEMAVE_04.01,Leptodon forbesi
CEMAVE_04.01,Megascops guatemalae
CEMAVE_04.01,Micrastur buckleyi
CEMAVE_04.01,Micrastur semitorquatus
CEMAVE_04.01,Milvago chimango
CEMAVE_04.01,Morphnus guianensis
CEMAVE_04.01,Parabuteo leucorrhous
CEMAVE_04.01,Parabuteo unicinctus
CEMAVE_04.01,Pseudastur polionotus
CEMAVE_04.01,Pulsatrix koeniswaldiana
CEMAVE_04.01,Pulsatrix perspicillata
CEMAVE_04.01,Pulsatrix perspicillata pulsatrix
CEMAVE_04.01,Sarcoramphus papa
CEMAVE_04.01,Spizaetus melanoleucus
CEMAVE_04.01,Spizaetus ornatus
CEMAVE_04.01,Spizaetus tyrannus
CEMAVE_04.01,Strix huhula
CEMAVE_04.01,Strix huhula albomarginata
CEMAVE_04.01,Strix hylophila
CEMAVE_04.01,Strix virgata
CEMAVE_04.01,Urubitinga coronata
CEMAVE_04.01,Vultur gryphus
CEMAVE_05.01,Aburria jacutinga
CEMAVE_05.01,Crax blumenbachii
CEMAVE_05.01,Crax fasciolata pinima
CEMAVE_05.01,Odontophorus capueira plumbeicollis
CEMAVE_05.01,Pauxi mitu
CEMAVE_05.01,Penelope jacucaca
CEMAVE_05.01,Penelope ochrogaster
CEMAVE_05.01,Penelope superciliaris alagoensis
CEMAVE_06.01,Pauxi mitu
CEMAVE_07.01,Formicivora littoralis
CEMAVE_08.01,Antilophia bokermanni
CEMAVE_09.01,Amazona brasiliensis
CEMAVE_09.01,Amazona pretrei
CEMAVE_09.01,Amazona rhodocorytha
CEMAVE_09.01,Amazona vinacea
CEMAVE_10.02,Diomedea dabbenena
CEMAVE_10.02,Diomedea epomophora
CEMAVE_10.02,Diomedea exulans
CEMAVE_10.02,Diomedea sanfordi
CEMAVE_10.02,Procellaria aequinoctialis
CEMAVE_10.02,Procellaria conspicillata
CEMAVE_10.02,Pterodroma arminjoniana
CEMAVE_10.02,Puffinus gravis
CEMAVE_10.02,Puffinus lherminieri
CEMAVE_10.02,Thalassarche chlororhynchos
CEMAVE_10.02,Thalassarche melanophris
CEMAVE_11.01,Cyanopsitta spixii
CEMAVE_12.01,Alectrurus tricolor
CEMAVE_12.01,Anthus nattereri
CEMAVE_12.01,Asthenes hudsoni
CEMAVE_12.01,Coryphistera alaudina
CEMAVE_12.01,Culicivora caudacuta
CEMAVE_12.01,Drymornis bridgesii
CEMAVE_12.01,Gubernatrix cristata
CEMAVE_12.01,Heteroxolmis dominicanus
CEMAVE_12.01,Leptasthenura platensis
CEMAVE_12.01,Limnoctites rectirostris
CEMAVE_12.01,Polystictus pectoralis
CEMAVE_12.01,Pseudoseisura lophotes
CEMAVE_12.01,Scytalopus iraiensis
CEMAVE_12.01,Spartonoica maluroides
CEMAVE_12.01,Sporophila cinnamomea
CEMAVE_12.01,Sporophila hypoxantha
CEMAVE_12.01,Sporophila melanogaster
CEMAVE_12.01,Sporophila palustris
CEMAVE_12.01,Sporophila pileata
CEMAVE_12.01,Sporophila plumbea
CEMAVE_12.01,Sporophila ruficollis
CEMAVE_12.01,Xanthopsar flavus
CEMAVE_13.01,Augastes lumachella
CEMAVE_13.01,Conopophaga cearae
CEMAVE_13.01,Conopophaga melanops nigrifrons
CEMAVE_13.01,Crypturellus zabele
CEMAVE_13.01,Formicivora grantsaui
CEMAVE_13.01,Hemitriccus mirandae
CEMAVE_13.01,Lepidocolaptes wagleri
CEMAVE_13.01,Leptodon forbesi
CEMAVE_13.01,Myrmoderus ruficauda
CEMAVE_13.01,Neomorphus geoffroyi geoffroyi
CEMAVE_13.01,Odontophorus capueira plumbeicollis
CEMAVE_13.01,Penelope jacucaca
CEMAVE_13.01,Phylloscartes beckeri
CEMAVE_13.01,Phylloscartes roquettei
CEMAVE_13.01,Platyrinchus mystaceus niveigularis
CEMAVE_13.01,Pyriglena pernambucensis
CEMAVE_13.01,Pyrrhura griseipectus
CEMAVE_13.01,Rhopornis ardesiacus
CEMAVE_13.01,Sclerurus cearensis
CEMAVE_13.01,Scytalopus diamantinensis
CEMAVE_13.01,Selenidera gouldii baturitensis
CEMAVE_13.01,Spinus yarrellii
CEMAVE_13.01,Synallaxis infuscata
CEMAVE_13.01,Tangara cyanocephala cearensis
CEMAVE_13.01,Tangara fastuosa
CEMAVE_13.01,Terenura sicki
CEMAVE_13.01,Thalurania watertonii
CEMAVE_13.01,Thamnophilus caerulescens cearensis
CEMAVE_13.01,Thamnophilus caerulescens pernambucensis
CEMAVE_13.01,Xenops minutus alagoanus
CEMAVE_13.01,Xiphocolaptes falcirostris
CEMAVE_13.01,Xiphorhynchus atlanticus
CEMAVE_13.01,Xiphorhynchus guttatoides gracilirostris
CEMAVE_14.01,Actitis macularius
CEMAVE_14.01,Arenaria interpres
CEMAVE_14.01,Bartramia longicauda
CEMAVE_14.01,Calidris alba
CEMAVE_14.01,Calidris bairdii
CEMAVE_14.01,Calidris canutus
CEMAVE_14.01,Calidris fuscicollis
CEMAVE_14.01,Calidris himantopus
CEMAVE_14.01,Calidris melanotos
CEMAVE_14.01,Calidris minutilla
CEMAVE_14.01,Calidris pusilla
CEMAVE_14.01,Calidris subruficollis
CEMAVE_14.01,Charadrius falklandicus
CEMAVE_14.01,Charadrius modestus
CEMAVE_14.01,Charadrius semipalmatus
CEMAVE_14.01,Charadrius wilsonia
CEMAVE_14.01,Haematopus palliatus
CEMAVE_14.01,Limnodromus griseus
CEMAVE_14.01,Limosa haemastica
CEMAVE_14.01,Numenius phaeopus
CEMAVE_14.01,Oreopholus ruficollis
CEMAVE_14.01,Phalaropus tricolor
CEMAVE_14.01,Pluvialis dominica
CEMAVE_14.01,Pluvialis squatarola
CEMAVE_14.01,Tringa flavipes
CEMAVE_14.01,Tringa melanoleuca
CEMAVE_14.01,Tringa semipalmata
CEMAVE_14.01,Tringa solitaria
CEMAVE_15.02,Anodorhynchus leari
CEMAVE_16.01,Alectrurus tricolor
CEMAVE_16.01,Aratinga solstitialis
CEMAVE_16.01,Arremonops conirostris
CEMAVE_16.01,Campylorhamphus cardosoi
CEMAVE_16.01,Campylorhamphus multostriatus
CEMAVE_16.01,Capito dayi
CEMAVE_16.01,Celeus obrieni
CEMAVE_16.01,Celeus torquatus pieteroyensi
CEMAVE_16.01,Cercomacra ferdinandi
CEMAVE_16.01,Chamaeza nobilis fulvipectus
CEMAVE_16.01,Clytoctantes atrogularis
CEMAVE_16.01,Columbina cyanopis
CEMAVE_16.01,Conothraupis mesoleuca
CEMAVE_16.01,Coryphaspiza melanotis
CEMAVE_16.01,Cranioleuca muelleri
CEMAVE_16.01,Crax fasciolata pinima
CEMAVE_16.01,Crax globulosa
CEMAVE_16.01,Cyanocorax hafferi
CEMAVE_16.01,Dendrexetastes rufigula paraensis
CEMAVE_16.01,Dendrocincla merula badia
CEMAVE_16.01,Dendrocolaptes medius
CEMAVE_16.01,Dendrocolaptes retentus
CEMAVE_16.01,Dendrocolaptes ridgwayi
CEMAVE_16.01,Dendrocolaptes transfasciatus
CEMAVE_16.01,Geositta poeciloptera
CEMAVE_16.01,Grallaria varia distincta
CEMAVE_16.01,Guaruba guarouba
CEMAVE_16.01,Harpia harpyja
CEMAVE_16.01,Hydropsalis candicans
CEMAVE_16.01,Hylexetastes brigidai
CEMAVE_16.01,Hylopezus paraensis
CEMAVE_16.01,Hypocnemis ochrogyna
CEMAVE_16.01,Lepidothrix iris
CEMAVE_16.01,Lepidothrix vilasboasi
CEMAVE_16.01,Lophornis gouldii
CEMAVE_16.01,Morphnus guianensis
CEMAVE_16.01,Myrmotherula klagesi
CEMAVE_16.01,Neomorphus geoffroyi amazonicus
CEMAVE_16.01,Neomorphus squamiger
CEMAVE_16.01,Nothura minor
CEMAVE_16.01,Nystalus torridus
CEMAVE_16.01,Penelope ochrogaster
CEMAVE_16.01,Penelope pileata
CEMAVE_16.01,Phaethornis aethopygus
CEMAVE_16.01,Phaethornis major
CEMAVE_16.01,Phlegopsis nigromaculata confinis
CEMAVE_16.01,Phlegopsis nigromaculata paraensis
CEMAVE_16.01,Piculus paraensis
CEMAVE_16.01,Picumnus varzeae
CEMAVE_16.01,Piprites chloris grisescens
CEMAVE_16.01,Procnias albus wallacei
CEMAVE_16.01,Psophia dextralis
CEMAVE_16.01,Psophia interjecta
CEMAVE_16.01,Psophia obscura
CEMAVE_16.01,Pteroglossus bitorquatus bitorquatus
CEMAVE_16.01,Pyrilia vulturina
CEMAVE_16.01,Pyrrhura lepida
CEMAVE_16.01,Pyrrhura pfrimeri
CEMAVE_16.01,Rhegmatorhina gymnops
CEMAVE_16.01,Scytalopus iraiensis
CEMAVE_16.01,Scytalopus novacapitalis
CEMAVE_16.01,Serpophaga hypoleuca pallida
CEMAVE_16.01,Sporophila crassirostris
CEMAVE_16.01,Sporophila hypoxantha
CEMAVE_16.01,Sporophila maximiliani
CEMAVE_16.01,Sporophila melanogaster
CEMAVE_16.01,Sporophila nigrorufa
CEMAVE_16.01,Sporophila palustris
CEMAVE_16.01,Sporophila ruficollis
CEMAVE_16.01,Stigmatura napensis napensis
CEMAVE_16.01,Synallaxis kollari
CEMAVE_16.01,Tangara velia signata
CEMAVE_16.01,Taoniscus nanus
CEMAVE_16.01,Thamnophilus nigrocinereus tschudii
CEMAVE_16.01,Tigrisoma fasciatum
CEMAVE_16.01,Tinamus tao
CEMAVE_16.01,Tunchiornis ochraceiceps rubrifrons
CEMAVE_16.01,Urubitinga coronata
CEMAVE_16.01,Xiphocolaptes carajaensis
CEMAVE_17.01,Accipiter poliogaster
CEMAVE_17.01,Agamia agami
CEMAVE_17.01,Alipiopsitta xanthops
CEMAVE_17.01,Anodorhynchus hyacinthinus
CEMAVE_17.01,Ara chloropterus
CEMAVE_17.01,Asthenes luizae
CEMAVE_17.01,Culicivora caudacuta
CEMAVE_17.01,Cypseloides fumigatus
CEMAVE_17.01,Falco deiroleucus
CEMAVE_17.01,Ibycter americanus
CEMAVE_17.01,Laterallus xenopterus
CEMAVE_17.01,Micropygia schomburgkii
CEMAVE_17.01,Phaethornis nattereri
CEMAVE_17.01,Phaethornis subochraceus
CEMAVE_17.01,Phyllomyias reiseri
CEMAVE_17.01,Piculus leucolaemus
CEMAVE_17.01,Pyrrhura devillei
CEMAVE_17.01,Pyrrhura molinae
CEMAVE_17.01,Sporophila cinnamomea
CEMAVE_17.01,Sporophila hypochroma
CEMAVE_17.01,Sporophila melanops
CEMAVE_17.01,Suiriri islerorum
CEMAVE_17.01,Synallaxis simoni
CEMAVE_17.01,Syndactyla dimidiata
CEMAVE_18.01,Mergus octosetaceus
CEMAVE_19.02,Antilophia bokermanni
CEMAVE_20.01,Aburria jacutinga
CEMAVE_20.01,Acrobatornis fonsecai
CEMAVE_20.01,Amadonastur lacernulatus
CEMAVE_20.01,Anumara forbesi
CEMAVE_20.01,Attila spadiceus uropygiatus
CEMAVE_20.01,Automolus lammi
CEMAVE_20.01,Biatas nigropectus
CEMAVE_20.01,Buteogallus aequinoctialis
CEMAVE_20.01,Calyptura cristata
CEMAVE_20.01,Campephilus robustus
CEMAVE_20.01,Campylorhamphus trochilirostris trochilirostris
CEMAVE_20.01,Carpornis melanocephala
CEMAVE_20.01,Caryothraustes canadensis frontalis
CEMAVE_20.01,Celeus flavus subflavus
CEMAVE_20.01,Celeus galeatus
CEMAVE_20.01,Celeus torquatus tinnunculus
CEMAVE_20.01,Cercomacra brasiliana
CEMAVE_20.01,Chamaeza meruloides
CEMAVE_20.01,Cichlopsis leucogenys
CEMAVE_20.01,Cinclodes pabsti
CEMAVE_20.01,Conopophaga cearae
CEMAVE_20.01,Conopophaga lineata lineata
CEMAVE_20.01,Conopophaga melanops nigrifrons
CEMAVE_20.01,Coryphaspiza melanotis
CEMAVE_20.01,Cotinga maculata
CEMAVE_20.01,Crax blumenbachii
CEMAVE_20.01,Crypturellus noctivagus noctivagus Crypturellus noctivagus
CEMAVE_20.01,Crypturellus strigulosus
CEMAVE_20.01,Dendrocincla taunayi
CEMAVE_20.01,Discosura langsdorffi langsdorffi
CEMAVE_20.01,Dysithamnus plumbeus
CEMAVE_20.01,Elaenia ridleyana
CEMAVE_20.01,Eleoscytalopus indigoticus
CEMAVE_20.01,Eleoscytalopus psychopompus
CEMAVE_20.01,Formicivora acutirostris
CEMAVE_20.01,Formicivora erythronotos
CEMAVE_20.01,Formicivora littoralis
CEMAVE_20.01,Formicivora paludicola
CEMAVE_20.01,Geositta poeciloptera
CEMAVE_20.01,Geotrygon violacea
CEMAVE_20.01,Glaucis dohrnii
CEMAVE_20.01,Grallaria varia intercedens
CEMAVE_20.01,Harpia harpyja
CEMAVE_20.01,Hemitriccus furcatus
CEMAVE_20.01,Hemitriccus griseipectus naumburgae
CEMAVE_20.01,Hemitriccus kaempferi
CEMAVE_20.01,Hemitriccus mirandae
CEMAVE_20.01,Herpsilochmus pileatus
CEMAVE_20.01,Hydropsalis anomala
CEMAVE_20.01,Iodopleura pipra
CEMAVE_20.01,Jacamaralcyon tridactyla
CEMAVE_20.01,Laniisoma elegans
CEMAVE_20.01,Laniocera hypopyrra
CEMAVE_20.01,Leptodon forbesi
CEMAVE_20.01,Limnoctites rectirostris
CEMAVE_20.01,Lipaugus conditus
CEMAVE_20.01,Lipaugus lanioides
CEMAVE_20.01,Lipaugus vociferans
CEMAVE_20.01,Mackenziaena severa
CEMAVE_20.01,Merulaxis ater
CEMAVE_20.01,Merulaxis stresemanni
CEMAVE_20.01,Micrastur mintoni
CEMAVE_20.01,Momotus momota marcgravianus
CEMAVE_20.01,Monasa morphoeus morphoeus
CEMAVE_20.01,Morphnus guianensis
CEMAVE_20.01,Myiothlypis rivularis
CEMAVE_20.01,Myrmoderus ruficauda
CEMAVE_20.01,Myrmotherula fluminensis
CEMAVE_20.01,Myrmotherula minor
CEMAVE_20.01,Myrmotherula snowi
CEMAVE_20.01,Myrmotherula urosticta
CEMAVE_20.01,Nemosia rourei
CEMAVE_20.01,Neomorphus geoffroyi dulcis
CEMAVE_20.01,Neomorphus geoffroyi geoffroyi
CEMAVE_20.01,Neopelma aurifrons
CEMAVE_20.01,Notharchus swainsoni
CEMAVE_20.01,Nyctibius aethereus aethereus
CEMAVE_20.01,Nyctibius leucopterus
CEMAVE_20.01,Odontophorus capueira plumbeicollis
CEMAVE_20.01,Onychorhynchus swainsoni
CEMAVE_20.01,Ortalis remota
CEMAVE_20.01,Paraclaravis geoffroyi
CEMAVE_20.01,Patagioenas plumbea
CEMAVE_20.01,Pauxi mitu
CEMAVE_20.01,Penelope superciliaris alagoensis
CEMAVE_20.01,Phaethornis margarettae
CEMAVE_20.01,Phaethornis margarettae camargoi
CEMAVE_20.01,Phibalura flavirostris
CEMAVE_20.01,Phyllomyias griseocapilla
CEMAVE_20.01,Phylloscartes beckeri
CEMAVE_20.01,Phylloscartes ceciliae
CEMAVE_20.01,Piculus polyzonus
CEMAVE_20.01,Pionus reichenowi
CEMAVE_20.01,Piprites pileata
CEMAVE_20.01,Platyrinchus leucoryphus
CEMAVE_20.01,Platyrinchus mystaceus niveigularis
CEMAVE_20.01,Procnias nudicollis
CEMAVE_20.01,Pseudastur polionotus
CEMAVE_20.01,Pteroglossus bailloni
CEMAVE_20.01,Pulsatrix perspicillata pulsatrix
CEMAVE_20.01,Pyriglena atra
CEMAVE_20.01,Pyriglena pernambucensis
CEMAVE_20.01,Pyroderus scutatus
CEMAVE_20.01,Pyrrhura cruentata
CEMAVE_20.01,Pyrrhura leucotis
CEMAVE_20.01,Rhopias gularis
CEMAVE_20.01,Rhopornis ardesiacus
CEMAVE_20.01,Sarcoramphus papa
CEMAVE_20.01,Schiffornis turdina intermedia
CEMAVE_20.01,Sclerurus caudacutus caligineus
CEMAVE_20.01,Sclerurus caudacutus umbretta
CEMAVE_20.01,Sclerurus macconnelli bahiae
CEMAVE_20.01,Scytalopus gonzagai
CEMAVE_20.01,Scytalopus iraiensis
CEMAVE_20.01,Scytalopus speluncae
CEMAVE_20.01,Spinus yarrellii
CEMAVE_20.01,Spizaetus ornatus
CEMAVE_20.01,Sporophila falcirostris
CEMAVE_20.01,Sporophila frontalis
CEMAVE_20.01,Sporophila maximiliani
CEMAVE_20.01,Sporophila pileata
CEMAVE_20.01,Strix huhula albomarginata
CEMAVE_20.01,Synallaxis infuscata
CEMAVE_20.01,Synallaxis whitneyi
CEMAVE_20.01,Tangara fastuosa
CEMAVE_20.01,Tangara peruviana
CEMAVE_20.01,Terenura sicki
CEMAVE_20.01,Thalurania watertonii
CEMAVE_20.01,Thamnomanes caesius caesius
CEMAVE_20.01,Thamnophilus aethiops distans
CEMAVE_20.01,Thamnophilus caerulescens pernambucensis
CEMAVE_20.01,Thripophaga macroura
CEMAVE_20.01,Tigrisoma fasciatum
CEMAVE_20.01,Tinamus solitarius
CEMAVE_20.01,Touit melanonotus
CEMAVE_20.01,Touit surdus
CEMAVE_20.01,Trogon collaris eytoni
CEMAVE_20.01,Urubitinga coronata
CEMAVE_20.01,Vireo gracilirostris
CEMAVE_20.01,Xenops minutus alagoanus
CEMAVE_20.01,Xipholena atropurpurea
CEMAVE_20.01,Xiphorhynchus atlanticus
CEMAVE_21.02,Amazona aestiva
CEMAVE_21.02,Amazona brasiliensis
CEMAVE_21.02,Amazona farinosa
CEMAVE_21.02,Amazona pretrei
CEMAVE_21.02,Amazona rhodocorytha
CEMAVE_21.02,Amazona vinacea
CEMAVE_22.02,Alectrurus tricolor
CEMAVE_22.02,Anthus nattereri
CEMAVE_22.02,Asthenes hudsoni
CEMAVE_22.02,Cinclodes pabsti
CEMAVE_22.02,Circus cinereus
CEMAVE_22.02,Coryphistera alaudina
CEMAVE_22.02,Cranioleuca sulphurifera
CEMAVE_22.02,Culicivora caudacuta
CEMAVE_22.02,Drymornis bridgesii
CEMAVE_22.02,Gubernatrix cristata
CEMAVE_22.02,Heteroxolmis dominicanus
CEMAVE_22.02,Hydropsalis anomala
CEMAVE_22.02,Hypocnemis hypoxantha
CEMAVE_22.02,Laterallus spilopterus
CEMAVE_22.02,Leptasthenura platensis
CEMAVE_22.02,Limnoctites rectirostris
CEMAVE_22.02,Polystictus pectoralis
CEMAVE_22.02,Pseudoseisura lophotes
CEMAVE_22.02,Scytalopus iraiensis
CEMAVE_22.02,Sporophila beltoni
CEMAVE_22.02,Sporophila cinnamomea
CEMAVE_22.02,Sporophila hypoxantha
CEMAVE_22.02,Sporophila melanogaster
CEMAVE_22.02,Sporophila palustris
CEMAVE_22.02,Sporophila pileata
CEMAVE_22.02,Sporophila ruficollis
CEMAVE_22.02,Urubitinga coronata
CEMAVE_22.02,Xanthopsar flavus
CEMAVE_23.02,Mergus octosetaceus
CEMAVE_24.01,Calonectris edwardsii
CEMAVE_24.01,Fregata minor
CEMAVE_24.01,Fregata trinitatis
CEMAVE_24.01,Gygis alba
CEMAVE_24.01,Phaethon aethereus
CEMAVE_24.01,Phaethon lepturus
CEMAVE_24.01,Pterodroma arminjoniana
CEMAVE_24.01,Pterodroma deserta
CEMAVE_24.01,Pterodroma incerta
CEMAVE_24.01,Pterodroma madeira
CEMAVE_24.01,Puffinus lherminieri
CEMAVE_24.01,Spheniscus magellanicus
CEMAVE_24.01,Sterna dougallii
CEMAVE_24.01,Sterna hirundinacea
CEMAVE_24.01,Sula sula
CEMAVE_24.01,Thalasseus maximus
CEMAVE_25.02,Anodorhynchus leari
CEMAVE_25.02,Augastes lumachella
CEMAVE_25.02,Colibri delphinae
CEMAVE_25.02,Conopophaga cearae
CEMAVE_25.02,Conopophaga melanops nigrifrons
CEMAVE_25.02,Crypturellus zabele
CEMAVE_25.02,Euscarthmus rufomarginatus
CEMAVE_25.02,Formicivora grantsaui
CEMAVE_25.02,Formicivora iheringi
CEMAVE_25.02,Hemitriccus mirandae
CEMAVE_25.02,Lepidocolaptes wagleri
CEMAVE_25.02,Leptodon forbesi
CEMAVE_25.02,Myrmoderus ruficauda
CEMAVE_25.02,Neomorphus geoffroyi geoffroyi
CEMAVE_25.02,Odontophorus capueira plumbeicollis
CEMAVE_25.02,Penelope jacucaca
CEMAVE_25.02,Phylloscartes beckeri
CEMAVE_25.02,Phylloscartes roquettei
CEMAVE_25.02,Platyrinchus mystaceus niveigularis
CEMAVE_25.02,Polystictus superciliaris
CEMAVE_25.02,Procnias averano
CEMAVE_25.02,Pyriglena pernambucensis
CEMAVE_25.02,Pyrrhura griseipectus
CEMAVE_25.02,Rhopornis ardesiacus
CEMAVE_25.02,Sclerurus cearensis
CEMAVE_25.02,Scytalopus diamantinensis
CEMAVE_25.02,Selenidera gouldii baturitensis
CEMAVE_25.02,Spinus yarrellii
CEMAVE_25.02,Synallaxis infuscata
CEMAVE_25.02,Tangara cyanocephala cearensis
CEMAVE_25.02,Tangara fastuosa
CEMAVE_25.02,Terenura sicki
CEMAVE_25.02,Thalurania watertonii
CEMAVE_25.02,Thamnophilus caerulescens cearensis
CEMAVE_25.02,Thamnophilus caerulescens pernambucensis
CEMAVE_25.02,Xenops minutus alagoanus
CEMAVE_25.02,Xiphocolaptes falcirostris
CEMAVE_25.02,Xiphorhynchus atlanticus
CEMAVE_25.02,Xiphorhynchus guttatoides gracilirostris
CEMAVE_26.03,Diomedea dabbenena
CEMAVE_26.03,Diomedea epomophora
CEMAVE_26.03,Diomedea exulans
CEMAVE_26.03,Diomedea sanfordi
CEMAVE_26.03,Macronectes giganteus
CEMAVE_26.03,Macronectes halli
CEMAVE_26.03,Procellaria aequinoctialis
CEMAVE_26.03,Procellaria conspicillata
CEMAVE_26.03,Puffinus gravis
CEMAVE_26.03,Thalassarche cauta
CEMAVE_26.03,Thalassarche chlororhynchos
CEMAVE_26.03,Thalassarche melanophris
CEMAVE_27.02,Cyanopsitta spixii
CEMAVE_28.02,Actitis macularius
CEMAVE_28.02,Arenaria interpres
CEMAVE_28.02,Bartramia longicauda
CEMAVE_28.02,Calidris alba
CEMAVE_28.02,Calidris canutus
CEMAVE_28.02,Calidris fuscicollis
CEMAVE_28.02,Calidris himantopus
CEMAVE_28.02,Calidris melanotos
CEMAVE_28.02,Calidris minutilla
CEMAVE_28.02,Calidris pusilla
CEMAVE_28.02,Calidris subruficollis
CEMAVE_28.02,Charadrius falklandicus
CEMAVE_28.02,Charadrius modestus
CEMAVE_28.02,Charadrius semipalmatus
CEMAVE_28.02,Charadrius wilsonia
CEMAVE_28.02,Haematopus palliatus
CEMAVE_28.02,Limnodromus griseus
CEMAVE_28.02,Limosa haemastica
CEMAVE_28.02,Numenius hudsonicus
CEMAVE_28.02,Oreopholus ruficollis
CEMAVE_28.02,Phalaropus tricolor
CEMAVE_28.02,Pluvialis dominica
CEMAVE_28.02,Pluvialis squatarola
CEMAVE_28.02,Tringa flavipes
CEMAVE_28.02,Tringa melanoleuca
CEMAVE_28.02,Tringa semipalmata
CEMAVE_28.02,Tringa solitaria
CEMAVE_29.02,Alectrurus tricolor
CEMAVE_29.02,Amazona aestiva
CEMAVE_29.02,Anodorhynchus hyacinthinus
CEMAVE_29.02,Asthenes luizae
CEMAVE_29.02,Campylopterus calcirupicola
CEMAVE_29.02,Celeus obrieni
CEMAVE_29.02,Cinclodes espinhacensis
CEMAVE_29.02,Columbina cyanopis
CEMAVE_29.02,Conothraupis mesoleuca
CEMAVE_29.02,Contopus cooperi
CEMAVE_29.02,Coryphaspiza melanotis
CEMAVE_29.02,Crypturellus zabele
CEMAVE_29.02,Dolichonyx oryzivorus
CEMAVE_29.02,Geositta poeciloptera
CEMAVE_29.02,Harpia harpyja
CEMAVE_29.02,Hydropsalis candicans
CEMAVE_29.02,Knipolegus franciscanus
CEMAVE_29.02,Laterallus xenopterus
CEMAVE_29.02,Malacoptila minor
CEMAVE_29.02,Morphnus guianensis
CEMAVE_29.02,Neochen jubata
CEMAVE_29.02,Neomorphus geoffroyi
CEMAVE_29.02,Nothura minor
CEMAVE_29.02,Nyctiprogne vielliardi
CEMAVE_29.02,Ortalis remota
CEMAVE_29.02,Pandion haliaetus
CEMAVE_29.02,Phyllomyias reiseri
CEMAVE_29.02,Phylloscartes roquettei
CEMAVE_29.02,Polystictus pectoralis
CEMAVE_29.02,Pygochelidon melanoleuca
CEMAVE_29.02,Pyrrhura molinae
CEMAVE_29.02,Pyrrhura pfrimeri
CEMAVE_29.02,Scytalopus novacapitalis
CEMAVE_29.02,Sporophila beltoni
CEMAVE_29.02,Sporophila cinnamomea
CEMAVE_29.02,Sporophila hypochroma
CEMAVE_29.02,Sporophila hypoxantha
CEMAVE_29.02,Sporophila maximiliani
CEMAVE_29.02,Sporophila melanogaster
CEMAVE_29.02,Sporophila nigrorufa
CEMAVE_29.02,Sporophila palustris
CEMAVE_29.02,Sporophila pileata
CEMAVE_29.02,Sporophila ruficollis
CEMAVE_29.02,Taoniscus nanus
CEMAVE_29.02,Tigrisoma fasciatum
CEMAVE_29.02,Urubitinga coronata
CEMAVE_30.02,Aburria cujubi
CEMAVE_30.02,Anabazenops dorsalis
CEMAVE_30.02,Aratinga solstitialis
CEMAVE_30.02,Arremonops conirostris
CEMAVE_30.02,Burhinus bistriatus
CEMAVE_30.02,Cacicus koepckeae
CEMAVE_30.02,Campylorhamphus cardosoi
CEMAVE_30.02,Campylorhamphus multostriatus
CEMAVE_30.02,Capito dayi
CEMAVE_30.02,Celeus torquatus pieteroyensi
CEMAVE_30.02,Chamaeza nobilis fulvipectus
CEMAVE_30.02,Clytoctantes atrogularis
CEMAVE_30.02,Cnipodectes superrufus
CEMAVE_30.02,Contopus nigrescens
CEMAVE_30.02,Crax fasciolata pinima
CEMAVE_30.02,Crax globulosa
CEMAVE_30.02,Cyanocorax hafferi
CEMAVE_30.02,Cyphorhinus griseolateralis
CEMAVE_30.02,Dendrexetastes rufigula paraensis
CEMAVE_30.02,Dendrocincla merula badia
CEMAVE_30.02,Dendrocolaptes medius
CEMAVE_30.02,Dendrocolaptes retentus
CEMAVE_30.02,Dendrocolaptes transfasciatus
CEMAVE_30.02,Epinecrophylla dentei
CEMAVE_30.02,Formicarius rufifrons
CEMAVE_30.02,Grallaria varia distincta
CEMAVE_30.02,Granatellus pelzelni paraensis
CEMAVE_30.02,Guaruba guarouba
CEMAVE_30.02,Harpia harpyja
CEMAVE_30.02,Hemitriccus cohnhafti
CEMAVE_30.02,Hylexetastes uniformis
CEMAVE_30.02,Hylopezus paraensis
CEMAVE_30.02,Hylopezus whittakeri
CEMAVE_30.02,Hypocnemis hypoxantha ochraceiventris
CEMAVE_30.02,Hypocnemis ochrogyna
CEMAVE_30.02,Hypocnemis striata
CEMAVE_30.02,Lepidothrix iris
CEMAVE_30.02,Lepidothrix vilasboasi
CEMAVE_30.02,Lophornis gouldii
CEMAVE_30.02,Malacoptila minor
CEMAVE_30.02,Micrastur mintoni
CEMAVE_30.02,Morphnus guianensis
CEMAVE_30.02,Myrmotherula oreni
CEMAVE_30.02,Neomorphus geoffroyi
CEMAVE_30.02,Neomorphus squamiger
CEMAVE_30.02,Oxyruncus cristatus tocantinsi
CEMAVE_30.02,Pandion haliaetus
CEMAVE_30.02,Penelope pileata
CEMAVE_30.02,Phaethornis major
CEMAVE_30.02,Phlegopsis borbae
CEMAVE_30.02,Phlegopsis nigromaculata confinis
CEMAVE_30.02,Piculus paraensis
CEMAVE_30.02,Poecilotriccus albifacies
CEMAVE_30.02,Polystictus pectoralis
CEMAVE_30.02,Psophia dextralis
CEMAVE_30.02,Psophia interjecta
CEMAVE_30.02,Psophia obscura
CEMAVE_30.02,Psophia viridis
CEMAVE_30.02,Pteroglossus bitorquatus bitorquatus
CEMAVE_30.02,Pygochelidon melanoleuca
CEMAVE_30.02,Pyrilia vulturina
CEMAVE_30.02,Pyrrhura amazonum
CEMAVE_30.02,Pyrrhura anerythra
CEMAVE_30.02,Pyrrhura coerulescens
CEMAVE_30.02,Pyrrhura pallescens
CEMAVE_30.02,Pyrrhura perlata
CEMAVE_30.02,Rhegmatorhina gymnops
CEMAVE_30.02,Rhegmatorhina hoffmannsi
CEMAVE_30.02,Sclerurus albigularis
CEMAVE_30.02,Serpophaga hypoleuca pallida
CEMAVE_30.02,Sporophila maximiliani
CEMAVE_30.02,Sporophila ruficollis
CEMAVE_30.02,Stigmatura napensis napensis
CEMAVE_30.02,Synallaxis kollari
CEMAVE_30.02,Syndactyla ucayalae
CEMAVE_30.02,Tangara velia signata
CEMAVE_30.02,Thamnophilus nigrocinereus huberi
CEMAVE_30.02,Thamnophilus nigrocinereus tschudii
CEMAVE_30.02,Tinamus tao
CEMAVE_30.02,Xiphocolaptes carajaensis
CEMAVE_30.02,Xipholena lamellipennis
CEMAVE_31.02,Pauxi mitu
CEMAVE_31.02,Celeus flavus subflavus
CEMAVE_31.02,Formicivora erythronotos
CEMAVE_31.02,Formicivora paludicola
CEMAVE_31.02,Merulaxis stresemanni
CEMAVE_31.02,Myrmotherula snowi
CEMAVE_31.02,Nemosia rourei
CEMAVE_31.02,Nyctibius leucopterus
CEMAVE_31.02,Odontophorus capueira plumbeicollis
CEMAVE_31.02,Ortalis remota
CEMAVE_31.02,Penelope superciliaris alagoensis
CEMAVE_31.02,Phylloscartes ceciliae
CEMAVE_31.02,Pulsatrix perspicillata pulsatrix
CEMAVE_31.02,Sclerurus caudacutus caligineus
CEMAVE_31.02,Sclerurus caudacutus umbretta
CEMAVE_31.02,Sporophila maximiliani
CEMAVE_31.02,Terenura sicki
CEMAVE_31.02,Calyptura cristata
CEMAVE_31.02,Myrmotherula fluminensis
CEMAVE_31.02,Neomorphus geoffroyi geoffroyi
CEMAVE_31.02,Paraclaravis geoffroyi
CEMAVE_31.02,Aburria jacutinga
CEMAVE_31.02,Attila spadiceus uropygiatus
CEMAVE_31.02,Automolus lammi
CEMAVE_31.02,Celeus galeatus
CEMAVE_31.02,Celeus torquatus tinnunculus
CEMAVE_31.02,Cichlopsis leucogenys
CEMAVE_31.02,Conopophaga cearae
CEMAVE_31.02,Cotinga maculata
CEMAVE_31.02,Crax blumenbachii
CEMAVE_31.02,Dendrocincla taunayi
CEMAVE_31.02,Discosura langsdorffi langsdorffi
CEMAVE_31.02,Dysithamnus plumbeus
CEMAVE_31.02,Eleoscytalopus psychopompus
CEMAVE_31.02,Formicivora littoralis
CEMAVE_31.02,Grallaria varia intercedens
CEMAVE_31.02,Hemitriccus mirandae
CEMAVE_31.02,Iodopleura pipra
CEMAVE_31.02,Iodopleura pipra leucopygia
CEMAVE_31.02,Iodopleura pipra pipra
CEMAVE_31.02,Laniisoma elegans
CEMAVE_31.02,Laterallus xenopterus
CEMAVE_31.02,Leptodon forbesi
CEMAVE_31.02,Momotus momota marcgravianus
CEMAVE_31.02,Monasa morphoeus morphoeus
CEMAVE_31.02,Myrmoderus ruficauda
CEMAVE_31.02,Neomorphus geoffroyi dulcis
CEMAVE_31.02,Neopelma aurifrons
CEMAVE_31.02,Nyctibius aethereus aethereus
CEMAVE_31.02,Phaethornis margarettae
CEMAVE_31.02,Phylloscartes beckeri
CEMAVE_31.02,Piculus polyzonus
CEMAVE_31.02,Pyriglena atra
CEMAVE_31.02,Pyrrhura griseipectus
CEMAVE_31.02,Rhopornis ardesiacus
CEMAVE_31.02,Sclerurus cearensis
CEMAVE_31.02,Sclerurus macconnelli bahiae
CEMAVE_31.02,Scytalopus gonzagai
CEMAVE_31.02,Scytalopus iraiensis
CEMAVE_31.02,Synallaxis infuscata
CEMAVE_31.02,Thalurania watertonii
CEMAVE_31.02,Thamnophilus aethiops distans
CEMAVE_31.02,Trogon collaris eytoni
CEMAVE_31.02,Urubitinga coronata
CEMAVE_31.02,Acrobatornis fonsecai
CEMAVE_31.02,Alectrurus tricolor
CEMAVE_31.02,Amadonastur lacernulatus
CEMAVE_31.02,Amazona pretrei
CEMAVE_31.02,Amazona rhodocorytha
CEMAVE_31.02,Amazona vinacea
CEMAVE_31.02,Anthus nattereri
CEMAVE_31.02,Anumara forbesi
CEMAVE_31.02,Campylorhamphus trochilirostris trochilirostris
CEMAVE_31.02,Conopophaga lineata lineata
CEMAVE_31.02,Coryphaspiza melanotis
CEMAVE_31.02,Crypturellus zabele
CEMAVE_31.02,Elaenia ridleyana
CEMAVE_31.02,Formicivora acutirostris
CEMAVE_31.02,Geositta poeciloptera
CEMAVE_31.02,Glaucis dohrnii
CEMAVE_31.02,Harpia harpyja
CEMAVE_31.02,Hemitriccus kaempferi
CEMAVE_31.02,Heteroxolmis dominicanus
CEMAVE_31.02,Lipaugus conditus
CEMAVE_31.02,Morphnus guianensis
CEMAVE_31.02,Myrmotherula minor
CEMAVE_31.02,Myrmotherula urosticta
CEMAVE_31.02,Onychorhynchus swainsoni
CEMAVE_31.02,Pionus reichenowi
CEMAVE_31.02,Platyrinchus leucoryphus
CEMAVE_31.02,Platyrinchus mystaceus niveigularis
CEMAVE_31.02,Pyriglena pernambucensis
CEMAVE_31.02,Pyrrhura cruentata
CEMAVE_31.02,Pyrrhura leucotis
CEMAVE_31.02,Schiffornis turdina intermedia
CEMAVE_31.02,Spinus yarrellii
CEMAVE_31.02,Sporophila beltoni
CEMAVE_31.02,Sporophila falcirostris
CEMAVE_31.02,Sporophila frontalis
CEMAVE_31.02,Sporophila hypoxantha
CEMAVE_31.02,Sporophila melanogaster
CEMAVE_31.02,Sporophila ruficollis
CEMAVE_31.02,Strix huhula albomarginata
CEMAVE_31.02,Tangara fastuosa
CEMAVE_31.02,Thamnomanes caesius caesius
CEMAVE_31.02,Thamnophilus caerulescens pernambucensis
CEMAVE_31.02,Thripophaga macroura
CEMAVE_31.02,Tigrisoma fasciatum
CEMAVE_31.02,Touit melanonotus
CEMAVE_31.02,Touit surdus
CEMAVE_31.02,Vireo gracilirostris
CEMAVE_31.02,Xenops minutus alagoanus
CEMAVE_31.02,Xipholena atropurpurea
CEMAVE_31.02,Xiphorhynchus atlanticus
CEMAVE_31.02,Amazona aestiva
CEMAVE_31.02,Amazona brasiliensis
CEMAVE_31.02,Carpornis melanocephala
CEMAVE_31.02,Conopophaga melanops nigrifrons
CEMAVE_31.02,Herpsilochmus pileatus
CEMAVE_31.02,Micrastur mintoni
CEMAVE_31.02,Stilpnia peruviana
CEMAVE_31.02,Pandion haliaetus
CEMAVE_31.02,Polystictus pectoralis pectoralis
CEMAVE_31.02,Campephilus robustus
CEMAVE_31.02,Chamaeza meruloides
CEMAVE_31.02,Eleoscytalopus indigoticus
CEMAVE_31.02,Geotrygon violacea
CEMAVE_31.02,Laniocera hypopyrra
CEMAVE_31.02,Lipaugus vociferans
CEMAVE_31.02,Mackenziaena severa
CEMAVE_31.02,Merulaxis ater
CEMAVE_31.02,Myiothlypis rivularis
CEMAVE_31.02,Patagioenas plumbea
CEMAVE_31.02,Phibalura flavirostris
CEMAVE_31.02,Phyllomyias griseocapilla
CEMAVE_31.02,Pteroglossus bailloni
CEMAVE_31.02,Pyroderus scutatus
CEMAVE_31.02,Rhopias gularis
CEMAVE_31.02,Scytalopus speluncae
CENAP_01.01,Lontra longicaudis
CENAP_01.01,Pteronura brasiliensis
CENAP_02.01,Blastocerus dichotomus
CENAP_02.01,Mazama bororo
CENAP_02.01,Mazama nana
CENAP_02.01,Odocoileus virginianus
CENAP_02.01,Ozotoceros bezoarticus bezoarticus
CENAP_02.01,Ozotoceros bezoarticus leucogaster
CENAP_03.01,Panthera onca
CENAP_04.01,Puma concolor
CENAP_05.01,Chrysocyon brachyurus
CENAP_06.01,Speothos venaticus
CENAP_07.01,Herpailurus yagouaroundi
CENAP_07.01,Leopardus colocola
CENAP_07.01,Leopardus geoffroyi
CENAP_07.01,Leopardus pardalis
CENAP_07.01,Leopardus tigrinus
CENAP_07.01,Leopardus wiedii
CENAP_08.02,Lontra longicaudis
CENAP_08.02,Pteronura brasiliensis
CENAP_09.01,Panthera onca
CENAP_09.01,Puma concolor
CENAP_10.01,Atelocynus microtis
CENAP_10.01,Chrysocyon brachyurus
CENAP_10.01,Lycalopex vetulus
CENAP_10.01,Speothos venaticus
CENAP_11.01,Blastocerus dichotomus
CENAP_11.01,Mazama bororo
CENAP_11.01,Mazama nana
CENAP_11.01,Ozotoceros bezoarticus bezoarticus
CENAP_11.01,Ozotoceros bezoarticus leucogaster
CENAP_11.01,Tapirus terrestris
CENAP_11.01,Tayassu pecari
CENAP_12.02,Herpailurus yagouaroundi
CENAP_12.02,Leopardus colocola
CENAP_12.02,Leopardus geoffroyi
CENAP_12.02,Leopardus tigrinus
CENAP_12.02,Leopardus wiedii
CENAP_13.01,Ctenomys flamarioni
CENAP_13.01,Ctenomys ibicuiensis
CENAP_13.01,Ctenomys lami
CENAP_13.01,Ctenomys minutus
CENAP_13.01,Euryoryzomys lamia
CENAP_13.01,Gyldenstolpia planaltensis
CENAP_13.01,Juscelinomys candango
CENAP_13.01,Kerodon acrobata
CENAP_13.01,Kerodon rupestris
CENAP_13.01,Microakodontomys transitorius
CENAP_13.01,Oligoryzomys rupestris
CENAP_13.01,Phyllomys brasiliensis
CENAP_13.01,Rhipidomys cariri
CENAP_13.01,Thalpomys cerradensis
CENAP_13.01,Thalpomys lasiotis
CENAP_13.01,Thylamys macrurus
CENAP_13.01,Thylamys velutinus
CENAP_13.01,Trinomys moojeni
CENAP_13.01,Trinomys yonenagae
CENAP_13.01,Wilfredomys oenax
CENAP_14.01,Akodon mystax
CENAP_14.01,Callistomys pictus
CENAP_14.01,Caluromysiops irrupta
CENAP_14.01,Cavia intermedia
CENAP_14.01,Cerradomys goytaca
CENAP_14.01,Chaetomys subspinosus
CENAP_14.01,Coendou speratus
CENAP_14.01,Ctenomys bicolor
CENAP_14.01,Marmosops paulensis
CENAP_14.01,Phyllomys lundi
CENAP_14.01,Phyllomys thomasi
CENAP_14.01,Phyllomys unicolor
CENAP_14.01,Rhipidomys tribei
CENAP_14.01,Trinomys eliasi
CENAP_14.01,Trinomys mirapitanga
CENAP_14.01,Wilfredomys oenax
CEPAM_01.01,Anodontites (Lamproscapha) ensiformis
CEPAM_01.01,Anodontites elongatus
CEPAM_01.01,Anodontites soleniformes
CEPAM_01.01,Anodontites trapesialis
CEPAM_01.01,Anodorhynchus hyacinthinus
CEPAM_01.01,Ateles marginatus
CEPAM_01.01,Chiropotes utahickae
CEPAM_01.01,Cichla melaniae
CEPAM_01.01,Guaruba guarouba
CEPAM_01.01,Hypancistrus zebra
CEPAM_01.01,Leopardus wiedii
CEPAM_01.01,Myrmecophaga tridactyla
CEPAM_01.01,Natalus macrourus
CEPAM_01.01,Ossubtus xinguense
CEPAM_01.01,Panthera onca
CEPAM_01.01,Potamotrygon leopoldi
CEPAM_01.01,Priodontes maximus
CEPAM_01.01,Pteronura brasiliensis
CEPAM_01.01,Puma concolor
CEPAM_01.01,Speothos venaticus
CEPAM_01.01,Trichechus inunguis
CEPAM_02.01,Ancistomus snethlageae
CEPAM_02.01,Apteronotus lindalvae
CEPAM_02.01,Crenicichla heckeli
CEPAM_02.01,Crenicichla urosema
CEPAM_02.01,Gonatodes tapajonicus
CEPAM_02.01,Harttia depressa
CEPAM_02.01,Harttia dissidens
CEPAM_02.01,Hassar shewellkeimi
CEPAM_02.01,Hopliancistrus tricornis
CEPAM_02.01,Hypancistrus zebra
CEPAM_02.01,Lebiasina marilynae
CEPAM_02.01,Lebiasina melanoguttata
CEPAM_02.01,Lebiasina minuta
CEPAM_02.01,Leporacanthicus joselimai
CEPAM_02.01,Leporinus guttatus
CEPAM_02.01,Leporinus pitingai
CEPAM_02.01,Lithoxus lithoides
CEPAM_02.01,Megadontognathus kaitukaensis
CEPAM_02.01,Melanocharacidium nigrum
CEPAM_02.01,Ossubtus xinguense
CEPAM_02.01,Parancistrus nudiventris
CEPAM_02.01,Paratrygon aiereba
CEPAM_02.01,Peckoltia compta
CEPAM_02.01,Potamotrygon leopoldi
CEPAM_02.01,Prochilodus britskii
CEPAM_02.01,Rhinopetitia potamorhachia
CEPAM_02.01,Scobinancistrus aureatus
CEPAM_02.01,Sternarchogiton zuanoni
CEPAM_02.01,Sternarchorhynchus caboclo
CEPAM_02.01,Sternarchorhynchus higuchii
CEPAM_02.01,Sternarchorhynchus inpai
CEPAM_02.01,Sternarchorhynchus jaimei
CEPAM_02.01,Sternarchorhynchus kokraimoro
CEPAM_02.01,Sternarchorhynchus mareikeae
CEPAM_02.01,Sternarchorhynchus severii
CEPAM_02.01,Sternarchorhynchus villasboasi
CEPAM_02.01,Teleocichla centisquama
CEPAM_02.01,Teleocichla prionogenys
CEPAM_02.01,Teleocichla wajapi
CEPENE_01.01,Trichechus manatus
CEPSUL_01.01,Alopias superciliosus
CEPSUL_01.01,Alopias vulpinus
CEPSUL_01.01,Atlantoraja castelnaui
CEPSUL_01.01,Bathytoshia centroura
CEPSUL_01.01,Carcharhinus galapagensis
CEPSUL_01.01,Carcharhinus longimanus
CEPSUL_01.01,Carcharhinus obscurus
CEPSUL_01.01,Carcharhinus perezi
CEPSUL_01.01,Carcharhinus plumbeus
CEPSUL_01.01,Carcharhinus porosus
CEPSUL_01.01,Carcharhinus signatus
CEPSUL_01.01,Carcharias taurus
CEPSUL_01.01,Carcharodon carcharias
CEPSUL_01.01,Cetorhinus maximus
CEPSUL_01.01,Fontitrygon colarensis
CEPSUL_01.01,Galeorhinus galeus
CEPSUL_01.01,Ginglymostoma cirratum
CEPSUL_01.01,Gymnura altavela
CEPSUL_01.01,Isogomphodon oxyrhynchus
CEPSUL_01.01,Mobula birostris
CEPSUL_01.01,Mobula hypostoma
CEPSUL_01.01,Mobula mobular
CEPSUL_01.01,Mobula rochebrunei
CEPSUL_01.01,Mobula tarapacana
CEPSUL_01.01,Mobula thurstoni
CEPSUL_01.01,Mustelus canis
CEPSUL_01.01,Mustelus fasciatus
CEPSUL_01.01,Mustelus schmitti
CEPSUL_01.01,Myliobatis freminvillei
CEPSUL_01.01,Myliobatis goodei
CEPSUL_01.01,Myliobatis ridens
CEPSUL_01.01,Negaprion brevirostris
CEPSUL_01.01,Notorynchus cepedianus
CEPSUL_01.01,Prionace glauca
CEPSUL_01.01,Pristis pectinata
CEPSUL_01.01,Pristis pristis
CEPSUL_01.01,Pseudobatos horkelii
CEPSUL_01.01,Pseudobatos lentiginosus
CEPSUL_01.01,Rhincodon typus
CEPSUL_01.01,Rhinoptera brasiliensis
CEPSUL_01.01,Rioraja agassizii
CEPSUL_01.01,Sphyrna lewini
CEPSUL_01.01,Sphyrna media
CEPSUL_01.01,Sphyrna mokarran
CEPSUL_01.01,Sphyrna tiburo
CEPSUL_01.01,Sphyrna tudes
CEPSUL_01.01,Sphyrna zygaena
CEPSUL_01.01,Squalus acanthias
CEPSUL_01.01,Squatina argentina
CEPSUL_01.01,Squatina guggenheim
CEPSUL_01.01,Squatina occulta
CEPSUL_01.01,Sympterygia acuta
CEPSUL_01.01,Sympterygia bonapartii
CEPSUL_01.01,Tetronarce puelcha
CEPSUL_01.01,Zapteryx brevirostris
CEPSUL_02.01,Asterina stellifera
CEPSUL_02.01,Carcharhinus galapagensis
CEPSUL_02.01,Carcharhinus perezi
CEPSUL_02.01,Carcharhinus plumbeus
CEPSUL_02.01,Cerdale fasciata
CEPSUL_02.01,Choranthias salmopunctatus
CEPSUL_02.01,Condylactis gigantea
CEPSUL_02.01,Coscinasterias tenuispina
CEPSUL_02.01,Echinaster (Othilia) brasiliensis
CEPSUL_02.01,Echinaster (Othilia) echinophorus
CEPSUL_02.01,Echinaster (Othilia) guyanensis
CEPSUL_02.01,Elacatinus figaro
CEPSUL_02.01,Epinephelus itajara
CEPSUL_02.01,Epinephelus marginatus
CEPSUL_02.01,Epinephelus morio
CEPSUL_02.01,Eucidaris tribuloides
CEPSUL_02.01,Eurythoe complanata
CEPSUL_02.01,Eustrombus goliath
CEPSUL_02.01,Ginglymostoma cirratum
CEPSUL_02.01,Gramma brasiliensis
CEPSUL_02.01,Halichoeres rubrovirens
CEPSUL_02.01,Halichondria cebimarensis
CEPSUL_02.01,Halichondria tenebrica
CEPSUL_02.01,Hippocampus erectus
CEPSUL_02.01,Hippocampus patagonicus
CEPSUL_02.01,Hippocampus reidi
CEPSUL_02.01,Hyporthodus nigritus
CEPSUL_02.01,Hyporthodus niveatus
CEPSUL_02.01,Isostichopus badionotus
CEPSUL_02.01,Latrunculia janeirensis
CEPSUL_02.01,Linckia guildingi
CEPSUL_02.01,Lutjanus cyanopterus
CEPSUL_02.01,Lutjanus purpureus
CEPSUL_02.01,Lytechinus variegatus
CEPSUL_02.01,Macrostrombus costatus
CEPSUL_02.01,Malacoctenus brunoi
CEPSUL_02.01,Mobula birostris
CEPSUL_02.01,Micrognathus erugatus
CEPSUL_02.01,Microspathodon chrysurus
CEPSUL_02.01,Millepora alcicornis
CEPSUL_02.01,Millepora laboreli
CEPSUL_02.01,Mobula tarapacana
CEPSUL_02.01,Mussismilia braziliensis
CEPSUL_02.01,Mussismilia harttii
CEPSUL_02.01,Mycteroperca bonaci
CEPSUL_02.01,Mycteroperca interstitialis
CEPSUL_02.01,Negaprion brevirostris
CEPSUL_02.01,Oreaster reticulatus
CEPSUL_02.01,Paracentrotus gaimardi
CEPSUL_02.01,Petaloconchus myrakeenae
CEPSUL_02.01,Phyllogorgia dilatata
CEPSUL_02.01,Polyprion americanus
CEPSUL_02.01,Prognathodes obliquus
CEPSUL_02.01,Scarus trispinosus
CEPSUL_02.01,Scarus zelindae
CEPSUL_02.01,Scorpaenodes insularis
CEPSUL_02.01,Sparisoma axillare
CEPSUL_02.01,Sparisoma frondosum
CEPSUL_02.01,Sparisoma rocha
CEPSUL_02.01,Stegastes rocasensis
CEPSUL_02.01,Stegastes sanctipauli
CEPSUL_02.01,Stegastes trindadensis
CEPSUL_02.01,Synaptula secreta
CEPSUL_03.01,Aegla obstipa
CEPSUL_03.01,Alouatta guariba clamitans
CEPSUL_03.01,Asthenes hudsoni
CEPSUL_03.01,Austrolebias nigrofasciatus
CEPSUL_03.01,Caretta caretta
CEPSUL_03.01,Chelonia mydas
CEPSUL_03.01,Circus cinereus
CEPSUL_03.01,Ctenomys flamarioni
CEPSUL_03.01,Ctenomys minutus
CEPSUL_03.01,Cynopoecilus fulgens
CEPSUL_03.01,Cynopoecilus multipapillatus
CEPSUL_03.01,Epinephelus marginatus
CEPSUL_03.01,Genidens barbus
CEPSUL_03.01,Genidens planifrons
CEPSUL_03.01,Herpailurus yagouaroundi
CEPSUL_03.01,Hippocampus reidi
CEPSUL_03.01,Laterallus spilopterus
CEPSUL_03.01,Leopardus colocola
CEPSUL_03.01,Leopardus geoffroyi
CEPSUL_03.01,Leopardus guttulus
CEPSUL_03.01,Leopardus wiedii
CEPSUL_03.01,Liolaemus arambarensis
CEPSUL_03.01,Odontesthes bicudo
CEPSUL_03.01,Olivancillaria contortuplicata
CEPSUL_03.01,Olivancillaria teaguei
CEPSUL_03.01,Pogonias courbina
CEPSUL_03.01,Pseudobatos horkelii
CEPSUL_03.01,Wilfredomys oenax
CEPSUL_03.01,Zapteryx brevirostris
CEPTA_01.01,Atya scabra
CEPTA_01.01,Brycon insignis
CEPTA_01.01,Brycon opalinus
CEPTA_01.01,Delturus parahybae
CEPTA_01.01,Diplodon fontainianus
CEPTA_01.01,Hemipsilichthys gobio
CEPTA_01.01,Hyphessobrycon duragenys
CEPTA_01.01,Hypomasticus thayeri
CEPTA_01.01,Phallotorynus fasciolatus
CEPTA_01.01,Pogonopoma parahybae
CEPTA_01.01,Prochilodus vimboides
CEPTA_01.01,Pseudotocinclus parahybae
CEPTA_01.01,Ranacephala hogei
CEPTA_01.01,Steindachneridion parahybae
CEPTA_01.01,Taunayia bifasciata
CEPTA_01.01,Trichomycterus santaeritae
CEPTA_01.01,Trichomycterus triguttatus
CEPTA_02.01,Aphyocheirodon hemigrammus
CEPTA_02.01,Apteronotus acidops
CEPTA_02.01,Brycon nattereri
CEPTA_02.01,Brycon orbignyanus
CEPTA_02.01,Chasmocranus brachynemus
CEPTA_02.01,Myloplus tiete
CEPTA_02.01,Phallotorynus jucundus
CEPTA_02.01,Prochilodus vimboides
CEPTA_02.01,Steindachneridion scriptum
CEPTA_02.01,Sternarchella curvioperculata
CEPTA_03.01,Austrolebias adloffi
CEPTA_03.01,Austrolebias alexandri
CEPTA_03.01,Austrolebias carvalhoi
CEPTA_03.01,Austrolebias charrua
CEPTA_03.01,Austrolebias cyaneus
CEPTA_03.01,Austrolebias ibicuiensis
CEPTA_03.01,Austrolebias juanlangi
CEPTA_03.01,Austrolebias luteoflammulatus
CEPTA_03.01,Austrolebias minuano
CEPTA_03.01,Austrolebias nigrofasciatus
CEPTA_03.01,Austrolebias periodicus
CEPTA_03.01,Austrolebias wolterstorffi
CEPTA_03.01,Campellolebias brucei
CEPTA_03.01,Campellolebias chrysolineatus
CEPTA_03.01,Campellolebias dorsimaculatus
CEPTA_03.01,Cynolebias griseus
CEPTA_03.01,Hypsolebias alternatus
CEPTA_03.01,Hypsolebias auratus
CEPTA_03.01,Hypsolebias flammeus
CEPTA_03.01,Hypsolebias fulminantis
CEPTA_03.01,Hypsolebias ghisolfii
CEPTA_03.01,Hypsolebias hellneri
CEPTA_03.01,Hypsolebias magnificus
CEPTA_03.01,Hypsolebias marginatus
CEPTA_03.01,Hypsolebias multiradiatus
CEPTA_03.01,Hypsolebias notatus
CEPTA_03.01,Hypsolebias rufus
CEPTA_03.01,Hypsolebias similis
CEPTA_03.01,Hypsolebias stellatus
CEPTA_03.01,Hypsolebias trilineatus
CEPTA_03.01,Leptolebias marmoratus
CEPTA_03.01,Leptopanchax citrinipinnis
CEPTA_03.01,Leptopanchax opalescens
CEPTA_03.01,Leptopanchax splendens
CEPTA_03.01,Maratecoara formosa
CEPTA_03.01,Mucurilebias leitaoi
CEPTA_03.01,Nematolebias whitei
CEPTA_03.01,Notholebias cruzi
CEPTA_03.01,Notholebias fractifasciatus
CEPTA_03.01,Notholebias minimus
CEPTA_03.01,Ophthalmolebias bokermanni
CEPTA_03.01,Ophthalmolebias constanciae
CEPTA_03.01,Ophthalmolebias perpendicularis
CEPTA_03.01,Ophthalmolebias rosaceus
CEPTA_03.01,Physalaemus soaresi
CEPTA_03.01,Plesiolebias xavantei
CEPTA_03.01,Simpsonichthys boitonei
CEPTA_03.01,Simpsonichthys parallelus
CEPTA_03.01,Simpsonichthys santanae
CEPTA_03.01,Simpsonichthys zonatus
CEPTA_03.01,Spectrolebias semiocellatus
CEPTA_03.01,Xenurolebias izecksohni
CEPTA_03.01,Xenurolebias myersi
CEPTA_04.01,Bagropsis reinhardti
CEPTA_04.01,Brycon nattereri
CEPTA_04.01,Conorhynchos conirostris
CEPTA_04.01,Hypsolebias auratus
CEPTA_04.01,Hypsolebias fulminantis
CEPTA_04.01,Hypsolebias ghisolfii
CEPTA_04.01,Hypsolebias hellneri
CEPTA_04.01,Hypsolebias magnificus
CEPTA_04.01,Hypsolebias rufus
CEPTA_04.01,Hypsolebias similis
CEPTA_04.01,Hypsolebias stellatus
CEPTA_04.01,Hypsolebias trilineatus
CEPTA_04.01,Hysteronotus megalostomus
CEPTA_04.01,Kolpotocheirodon theloura
CEPTA_04.01,Lophiosilurus alexandri
CEPTA_04.01,Pareiorhaphis mutuca
CEPTA_04.01,Plesioptopoma curvidens
CEPTA_04.01,Poecilia pertapeh
CEPTA_04.01,Pseudoplatystoma corruscans
CEPTA_04.01,Rhamdiopsis microcephala
CEPTA_04.01,Rhinelepis aspera
CEPTA_04.01,Salminus franciscanus
CEPTA_04.01,Simpsonichthys zonatus
CEPTA_04.01,Stygichthys typhlops
CEPTA_04.01,Trichomycterus itacarambiensis
CEPTA_04.01,Trichomycterus novalimensis
CEPTA_05.01,Astyanax jordanensis
CEPTA_05.01,Austrolebias carvalhoi
CEPTA_05.01,Cambeva crassicaudata
CEPTA_05.01,Cambeva igobi
CEPTA_05.01,Cambeva mboycy
CEPTA_05.01,Cambeva papillifera
CEPTA_05.01,Cnesterodon carnegiei
CEPTA_05.01,Cnesterodon omorgmatos
CEPTA_05.01,Crossodactylus schmidti
CEPTA_05.01,Gymnogeophagus setequedas
CEPTA_05.01,Jenynsia diphyes
CEPTA_05.01,Limnomedusa macroglossa
CEPTA_05.01,Lontra longicaudis
CEPTA_05.01,Phrynops williamsi
CEPTA_05.01,Psalidodon gymnogenys
CEPTA_05.01,Steindachneridion melanodermatum
CEPTA_06.01,Acentronichthys leptos
CEPTA_06.01,Aegla brevipalma
CEPTA_06.01,Aegla camargoi
CEPTA_06.01,Aegla franca
CEPTA_06.01,Aegla grisella
CEPTA_06.01,Aegla inconspicua
CEPTA_06.01,Aegla inermis
CEPTA_06.01,Aegla itacolomiensis
CEPTA_06.01,Aegla lata
CEPTA_06.01,Aegla leachi
CEPTA_06.01,Aegla leptodactyla
CEPTA_06.01,Aegla ligulata
CEPTA_06.01,Aegla manuinflata
CEPTA_06.01,Aegla oblata
CEPTA_06.01,Aegla obstipa
CEPTA_06.01,Aegla perobae
CEPTA_06.01,Aegla plana
CEPTA_06.01,Aegla pomerana
CEPTA_06.01,Aegla renana
CEPTA_06.01,Aegla rossiana
CEPTA_06.01,Aegla spinipalma
CEPTA_06.01,Aegla spinosa
CEPTA_06.01,Aegla strinatii
CEPTA_06.01,Aegla violacea
CEPTA_06.01,Apareiodon davisi
CEPTA_06.01,Apareiodon vladii
CEPTA_06.01,Astyanax eremus
CEPTA_06.01,Brachyhypopomus jureiae
CEPTA_06.01,Brycon devillei
CEPTA_06.01,Brycon vermelha
CEPTA_06.01,Bryconamericus lambari
CEPTA_06.01,Cambeva paolence
CEPTA_06.01,Cambeva tropeiro
CEPTA_06.01,Characidium grajahuensis
CEPTA_06.01,Characidium heirmostigmata
CEPTA_06.01,Characidium oiticicai
CEPTA_06.01,Characidium vestigipinne
CEPTA_06.01,Cnesterodon hypselurus
CEPTA_06.01,Cnesterodon iguape
CEPTA_06.01,Coptobrycon bilineatus
CEPTA_06.01,Corydoras lacerdai
CEPTA_06.01,Crenicichla empheres
CEPTA_06.01,Crenicichla hadrostigma
CEPTA_06.01,Crenicichla jupiaensis
CEPTA_06.01,Diapoma pyrrhopteryx
CEPTA_06.01,Glandulocauda caerulea
CEPTA_06.01,Hasemania piatan
CEPTA_06.01,Hemiancistrus megalopteryx
CEPTA_06.01,Henochilus wheatlandii
CEPTA_06.01,Heptapterus multiradiatus
CEPTA_06.01,Hollandichthys taramandahy
CEPTA_06.01,Hyphessobrycon flammeus
CEPTA_06.01,Hypomasticus mormyrops
CEPTA_06.01,Isbrueckerichthys saxicola
CEPTA_06.01,Ituglanis cahyensis
CEPTA_06.01,Jenynsia sanctaecatarinae
CEPTA_06.01,Kalyptodoras bahiensis
CEPTA_06.01,Kolpotocheirodon figueiredoi
CEPTA_06.01,Lepidocharax diamantina
CEPTA_06.01,Leporinus melanopleurodes
CEPTA_06.01,Lignobrycon myersi
CEPTA_06.01,Listrura camposi
CEPTA_06.01,Listrura costai
CEPTA_06.01,Listrura nematopteryx
CEPTA_06.01,Listrura tetraradiata
CEPTA_06.01,Lophiobrycon weitzmani
CEPTA_06.01,Microcambeva draco
CEPTA_06.01,Microlepidogaster perforatus
CEPTA_06.01,Mimagoniates lateralis
CEPTA_06.01,Mimagoniates sylvicola
CEPTA_06.01,Neoplecostomus botucatu
CEPTA_06.01,Neoplecostomus selenae
CEPTA_06.01,Otothyris juquiae
CEPTA_06.01,Pareiorhaphis nasuta
CEPTA_06.01,Pareiorhaphis scutula
CEPTA_06.01,Parotocinclus spilurus
CEPTA_06.01,Phalloptychus eigenmanni
CEPTA_06.01,Pogonopoma obscurum
CEPTA_06.01,Pseudotocinclus juquiae
CEPTA_06.01,Pseudotocinclus tietensis
CEPTA_06.01,Rachoviscus crassiceps
CEPTA_06.01,Rachoviscus graciliceps
CEPTA_06.01,Rhamdia jequitinhonha
CEPTA_06.01,Scleromystax macropterus
CEPTA_06.01,Spintherobolus ankoseion
CEPTA_06.01,Spintherobolus broccae
CEPTA_06.01,Spintherobolus leptoura
CEPTA_06.01,Spintherobolus papilliferus
CEPTA_06.01,Steindachneridion amblyurum
CEPTA_06.01,Steindachneridion doceanum
CEPTA_06.01,Sternarchorhynchus britskii
CEPTA_06.01,Tembeassu marauna
CEPTA_06.01,Trichogenes claviger
CEPTA_06.01,Trichomycterus paquequerense
CEPTA_07.02,Anablepsoides cearensis
CEPTA_07.02,Atlantirivulus lazzarotoi
CEPTA_07.02,Atlantirivulus maricensis
CEPTA_07.02,Atlantirivulus nudiventris
CEPTA_07.02,Austrolebias bagual
CEPTA_07.02,Austrolebias carvalhoi
CEPTA_07.02,Austrolebias cheradophilus
CEPTA_07.02,Austrolebias cinereus
CEPTA_07.02,Austrolebias jaegari
CEPTA_07.02,Austrolebias pelotapes
CEPTA_07.02,Austrolebias quirogai
CEPTA_07.02,Austrolebias univentripinnis
CEPTA_07.02,Austrolebias varzeae
CEPTA_07.02,Campellolebias brucei
CEPTA_07.02,Campellolebias chrysolineatus
CEPTA_07.02,Campellolebias dorsimaculatus
CEPTA_07.02,Campellolebias intermedius
CEPTA_07.02,Cynolebias elegans
CEPTA_07.02,Cynolebias parnaibensis
CEPTA_07.02,Hypsolebias adornatus
CEPTA_07.02,Hypsolebias auratus
CEPTA_07.02,Hypsolebias fulminantis
CEPTA_07.02,Hypsolebias gilbertobrasili
CEPTA_07.02,Hypsolebias hamadryades
CEPTA_07.02,Hypsolebias janaubensis
CEPTA_07.02,Hypsolebias lopesi
CEPTA_07.02,Hypsolebias marginatus
CEPTA_07.02,Hypsolebias multiradiatus
CEPTA_07.02,Hypsolebias rufus
CEPTA_07.02,Hypsolebias tocantinensis
CEPTA_07.02,Hypsolebias trilineatus
CEPTA_07.02,Hypsolebias virgulatus
CEPTA_07.02,Kryptolebias campelloi
CEPTA_07.02,Kryptolebias gracilis
CEPTA_07.02,Leptolebias marmoratus
CEPTA_07.02,Leptopanchax citrinipinnis
CEPTA_07.02,Leptopanchax itanhaensis
CEPTA_07.02,Leptopanchax opalescens
CEPTA_07.02,Leptopanchax splendens
CEPTA_07.02,Moema piriana
CEPTA_07.02,Nematolebias catimbau
CEPTA_07.02,Nematolebias papilliferus
CEPTA_07.02,Nematolebias whitei
CEPTA_07.02,Notholebias cruzi
CEPTA_07.02,Notholebias fractifasciatus
CEPTA_07.02,Notholebias vermiculatus
CEPTA_07.02,Ophthalmolebias bokermanni
CEPTA_07.02,Ophthalmolebias constanciae
CEPTA_07.02,Ophthalmolebias perpendicularis
CEPTA_07.02,Ophthalmolebias rosaceus
CEPTA_07.02,Pituna brevirostrata
CEPTA_07.02,Pituna xinguensis
CEPTA_07.02,Simpsonichthys boitonei
CEPTA_07.02,Simpsonichthys punctulatus
CEPTA_07.02,Simpsonichthys zonatus
CEPTA_07.02,Spectrolebias reticulatus
CEPTA_07.02,Atlantirivulus simplicis
CEPTA_07.02,Austrolebias adloffi
CEPTA_07.02,Austrolebias alexandri
CEPTA_07.02,Austrolebias camaquensis
CEPTA_07.02,Austrolebias cyaneus
CEPTA_07.02,Austrolebias ephemerus
CEPTA_07.02,Austrolebias ibicuiensis
CEPTA_07.02,Austrolebias nigrofasciatus
CEPTA_07.02,Austrolebias pongondo
CEPTA_07.02,Cynolebias gorutuba
CEPTA_07.02,Cynolebias griseus
CEPTA_07.02,Cynolebias leptocephalus
CEPTA_07.02,Hypsolebias alternatus
CEPTA_07.02,Hypsolebias carlettoi
CEPTA_07.02,Hypsolebias flammeus
CEPTA_07.02,Hypsolebias flavicaudatus
CEPTA_07.02,Hypsolebias gardneri
CEPTA_07.02,Hypsolebias ghisolfii
CEPTA_07.02,Hypsolebias hellneri
CEPTA_07.02,Hypsolebias igneus
CEPTA_07.02,Hypsolebias macaubensis
CEPTA_07.02,Hypsolebias magnificus
CEPTA_07.02,Hypsolebias nielseni
CEPTA_07.02,Hypsolebias notatus
CEPTA_07.02,Hypsolebias picturatus
CEPTA_07.02,Hypsolebias radiseriatus
CEPTA_07.02,Hypsolebias stellatus
CEPTA_07.02,Kryptolebias brasiliensis
CEPTA_07.02,Melanorivulus pinima
CEPTA_07.02,Melanorivulus scalaris
CEPTA_07.02,Melanorivulus vittatus
CEPTA_07.02,Notholebias minimus
CEPTA_07.02,Ophthalmolebias ilheusensis
CEPTA_07.02,Plesiolebias xavantei
CEPTA_07.02,Simpsonichthys cholopteryx
CEPTA_07.02,Simpsonichthys espinhacensis
CEPTA_07.02,Simpsonichthys parallelus
CEPTA_07.02,Simpsonichthys santanae
CEPTA_07.02,Trigonectes strigabundus
CEPTA_07.02,Xenurolebias myersi
CEPTA_07.02,Austrolebias arachan
CEPTA_07.02,Austrolebias araucarianus
CEPTA_07.02,Austrolebias litzi
CEPTA_07.02,Austrolebias nachtigalli
CEPTA_07.02,Austrolebias paucisquama
CEPTA_07.02,Cynolebias akroa
CEPTA_07.02,Cynopoecilus feltrini
CEPTA_07.02,Cynopoecilus intimus
CEPTA_07.02,Hypsolebias brunoi
CEPTA_07.02,Hypsolebias delucai
CEPTA_07.02,Hypsolebias faouri
CEPTA_07.02,Hypsolebias fasciatus
CEPTA_07.02,Hypsolebias gibberatus
CEPTA_07.02,Hypsolebias guanambi
CEPTA_07.02,Hypsolebias harmonicus
CEPTA_07.02,Hypsolebias longignatus
CEPTA_07.02,Hypsolebias mediopapillatus
CEPTA_07.02,Hypsolebias nudiorbitatus
CEPTA_07.02,Hypsolebias shibattai
CEPTA_07.02,Hypsolebias splendissimus
CEPTA_07.02,Maratecoara formosa
CEPTA_07.02,Maratecoara splendida
CEPTA_07.02,Melanorivulus crixas
CEPTA_07.02,Melanorivulus illuminatus
CEPTA_07.02,Melanorivulus karaja
CEPTA_07.02,Melanorivulus kayapo
CEPTA_07.02,Melanorivulus kunzei
CEPTA_07.02,Melanorivulus rubromarginatus
CEPTA_07.02,Melanorivulus rutilicaudus
CEPTA_07.02,Melanorivulus salmonicaudus
CEPTA_07.02,Melanorivulus ubirajarai
CEPTA_07.02,Ophthalmolebias suzarti
CEPTA_07.02,Plesiolebias canabravensis
CEPTA_07.02,Simpsonichthys nigromaculatus
CEPTA_07.02,Austrolebias botocudo
CEPTA_07.02,Austrolebias cheffei
CEPTA_07.02,Austrolebias lourenciano
CEPTA_07.02,Austrolebias nubium
CEPTA_07.02,Austrolebias reicherti
CEPTA_07.02,Hypsolebias radiosus
CEPTA_07.02,Melanorivulus amambaiensis
CEPTA_07.02,Melanorivulus egens
CEPTA_07.02,Xenurolebias pataxo
CEPTA_07.02,Austrolebias charrua
CEPTA_07.02,Austrolebias juanlangi
CEPTA_07.02,Austrolebias luteoflammulatus
CEPTA_07.02,Austrolebias melanoorus
CEPTA_07.02,Austrolebias minuano
CEPTA_07.02,Austrolebias prognathus
CEPTA_07.02,Austrolebias wolterstorffi
CEPTA_07.02,Cynopoecilus fulgens
CEPTA_07.02,Cynopoecilus nigrovittatus
CEPTA_07.02,Hypsolebias martinsi
CEPTA_07.02,Melanorivulus dapazi
CEPTA_07.02,Melanorivulus faucireticulatus
CEPTA_07.02,Melanorivulus imperatrizensis
CEPTA_07.02,Moema apurinan
CEPTA_07.02,Neofundulus paraguayensis
CEPTA_07.02,Atlantirivulus riograndensis
CEPTA_07.02,Austrolebias periodicus
CEPTA_07.02,Hypsolebias similis
CEPTA_07.02,Mucurilebias leitaoi
CEPTA_07.02,Xenurolebias izecksohni
CEPTA_08.02,Brycon nattereri
CEPTA_08.02,Conorhynchos conirostris
CEPTA_08.02,Hypostomus subcarinatus
CEPTA_08.02,Kolpotocheirodon theloura
CEPTA_08.02,Lophiosilurus alexandri
CEPTA_08.02,Pareiorhaphis mutuca
CEPTA_08.02,Plesioptopoma curvidens
CEPTA_08.02,Poecilia pertapeh
CEPTA_08.02,Pseudauchenipterus flavescens
CEPTA_08.02,Pseudoplatystoma corruscans
CEPTA_08.02,Rhamdiopsis microcephala
CEPTA_08.02,Rhinelepis aspera
CEPTA_09.01,Brycon nattereri
CEPTA_09.01,Brycon orbignyanus
CEPTA_09.01,Bunocephalus larai
CEPTA_09.01,Cambeva paolence
CEPTA_09.01,Cambeva pascuali
CEPTA_09.01,Characidium oiticicai
CEPTA_09.01,Characidium onca
CEPTA_09.01,Chasmocranus brachynemus
CEPTA_09.01,Crenicichla jupiaensis
CEPTA_09.01,Harttia gracilis
CEPTA_09.01,Hasemania crenuchoides
CEPTA_09.01,Hasemania uberaba
CEPTA_09.01,Heptapterus multiradiatus
CEPTA_09.01,Hyphessobrycon duragenys
CEPTA_09.01,Hyphessobrycon uaiso
CEPTA_09.01,Isbrueckerichthys calvus
CEPTA_09.01,Microlepidogaster perforatus
CEPTA_09.01,Myloplus tiete
CEPTA_09.01,Phallotorynus jucundus
CEPTA_09.01,Piaractus mesopotamicus
CEPTA_09.01,Prochilodus vimboides
CEPTA_09.01,Pseudopimelodus mangurus
CEPTA_09.01,Pseudoplatystoma corruscans
CEPTA_09.01,Pseudotocinclus tietensis
CEPTA_09.01,Rhinelepis aspera
CEPTA_09.01,Rhinolekos schaeferi
CEPTA_09.01,Salminus brasiliensis
CEPTA_09.01,Schizodon altoparanae
CEPTA_09.01,Spintherobolus papilliferus
CEPTA_09.01,Steindachneridion punctatum
CEPTA_09.01,Steindachneridion scriptum
CEPTA_09.01,Taunayia bifasciata
CEPTA_09.01,Zungaro jahu
CEPTA_09.01,Isbrueckerichthys saxicola
CEPTA_09.01,Neoplecostomus botucatu
CMA_01.01,Arctocephalus australis
CMA_01.01,Arctocephalus gazella
CMA_01.01,Arctocephalus tropicalis
CMA_01.01,Balaenoptera acutorostrata
CMA_01.01,Balaenoptera bonaerensis
CMA_01.01,Balaenoptera borealis
CMA_01.01,Balaenoptera edeni
CMA_01.01,Balaenoptera musculus
CMA_01.01,Balaenoptera physalus
CMA_01.01,Eubalaena australis
CMA_01.01,Hydrurga leptonix
CMA_01.01,Lobodon carcinophaga
CMA_01.01,Megaptera novaeangliae
CMA_01.01,Mirounga leonina
CMA_01.01,Otaria flavescens
CMA_01.01,Physeter macrocephalus
CMA_02.01,Inia geoffrensis
CMA_02.01,Orcinus orca
CMA_02.01,Pontoporia blainvillei
CMA_02.01,Sotalia fluviatilis
CMA_02.01,Sotalia guianensis
CMA_02.01,Stenella longirostris
CMA_02.01,Steno bredanensis
CMA_02.01,Tursiops truncatus
CMA_03.01,Pontoporia blainvillei
CMA_04.01,Trichechus inunguis
CMA_04.01,Trichechus manatus
CMA_05.01,Inia araguaiaensis
CMA_05.01,Inia geoffrensis
CMA_05.01,Lontra longicaudis
CMA_05.01,Pteronura brasiliensis
CMA_05.01,Sotalia fluviatilis
CMA_05.01,Trichechus inunguis
CMA_06.01,Balaenoptera borealis
CMA_06.01,Balaenoptera musculus
CMA_06.01,Balaenoptera physalus
CMA_06.01,Eubalaena australis
CMA_06.01,Megaptera novaeangliae
CMA_06.01,Physeter macrocephalus
CMA_06.01,Sotalia guianensis
CMA_06.01,Tursiops gephyreus
CMA_07.02,Pontoporia blainvillei
CNPT_01.01,Alouatta ululata
CNPT_01.01,Amazona brasiliensis
CNPT_01.01,Anchoa cubana
CNPT_01.01,Anchoa filifera
CNPT_01.01,Anchoa lyolepis
CNPT_01.01,Anchoa tricolor
CNPT_01.01,Anchoviella lepidentostole
CNPT_01.01,Anomalocardia flexuosa
CNPT_01.01,Aspistor luniscutis
CNPT_01.01,Atya scabra
CNPT_01.01,Brachyplatystoma rousseauxii
CNPT_01.01,Callinectes danae
CNPT_01.01,Callinectes marginatus
CNPT_01.01,Callinectes sapidus
CNPT_01.01,Caranx hippos
CNPT_01.01,Cardisoma guanhumi
CNPT_01.01,Centropomus parallelus
CNPT_01.01,Centropomus undecimalis
CNPT_01.01,Crassostrea brasiliana
CNPT_01.01,Crassostrea rhizophorae
CNPT_01.01,Crypturellus noctivagus noctivagus Crypturellus noctivagus
CNPT_01.01,Cynoscion acoupa
CNPT_01.01,Cynoscion guatucupa
CNPT_01.01,Cynoscion jamaicensis
CNPT_01.01,Cynoscion leiarchus
CNPT_01.01,Cynoscion microlepidotus
CNPT_01.01,Cynoscion virescens
CNPT_01.01,Diapterus auratus
CNPT_01.01,Diapterus rhombeus
CNPT_01.01,Epinephelus itajara
CNPT_01.01,Epinephelus marginatus
CNPT_01.01,Eudocimus ruber
CNPT_01.01,Farfantepenaeus brasiliensis
CNPT_01.01,Farfantepenaeus paulensis
CNPT_01.01,Farfantepenaeus subtilis
CNPT_01.01,Ginglymostoma cirratum
CNPT_01.01,Isogomphodon oxyrhynchus
CNPT_01.01,Litopenaeus schimitti
CNPT_01.01,Macrobrachium amazonicum
CNPT_01.01,Macrobrachium carcinus
CNPT_01.01,Mugil curema
CNPT_01.01,Mugil incilis
CNPT_01.01,Mugil liza
CNPT_01.01,Mytella charruana
CNPT_01.01,Mytella guyanensis
CNPT_01.01,Negaprion brevirostris
CNPT_01.01,Nyctanassa violacea
CNPT_01.01,Paralichthys brasiliensis
CNPT_01.01,Paralichthys orbignyanus
CNPT_01.01,Paralichthys patagonicus
CNPT_01.01,Pontoporia blainvillei
CNPT_01.01,Pristis pectinata
CNPT_01.01,Pristis pristis
CNPT_01.01,Sapajus xanthosternos
CNPT_01.01,Scarus guacamaia
CNPT_01.01,Scomberomorus brasiliensis
CNPT_01.01,Sotalia guianensis
CNPT_01.01,Sporophila falcirostris
CNPT_01.01,Sporophila frontalis
CNPT_01.01,Thalasseus maximus
CNPT_01.01,Tigrisoma fasciatum
CNPT_01.01,Touit melanonotus
CNPT_01.01,Trichechus inunguis
CNPT_01.01,Trichechus manatus
CNPT_01.01,Ucides cordatus
CNPT_01.01,Xiphopenaeus kroyeri
CPB_01.01,Brachyteles arachnoides
CPB_01.01,Brachyteles hypoxanthus
CPB_02.01,Chaetomys subspinosus
CPB_03.01,Alouatta guariba guariba
CPB_03.01,Brachyteles arachnoides
CPB_03.01,Brachyteles hypoxanthus
CPB_03.01,Bradypus torquatus
CPB_03.01,Callicebus melanochir
CPB_03.01,Callicebus personatus
CPB_03.01,Callistomys pictus
CPB_03.01,Callithrix aurita
CPB_03.01,Callithrix flaviceps
CPB_03.01,Chaetomys subspinosus
CPB_03.01,Lasiurus ebenus
CPB_03.01,Leontopithecus caissara
CPB_03.01,Leontopithecus chrysomelas
CPB_03.01,Leontopithecus chrysopygus
CPB_03.01,Leontopithecus rosalia
CPB_03.01,Lonchophylla bokermanni
CPB_03.01,Mazama bororo
CPB_03.01,Phaenomys ferrugineus
CPB_03.01,Phyllomys brasiliensis
CPB_03.01,Phyllomys thomasi
CPB_03.01,Phyllomys unicolor
CPB_03.01,Rhagomys rufescens
CPB_03.01,Sapajus robustus
CPB_03.01,Sapajus xanthosternos
CPB_03.01,Trinomys eliasi
CPB_03.01,Trinomys moojeni
CPB_03.01,Trinomys paratus
CPB_04.01,Saguinus bicolor
CPB_05.01,Alouatta belzebul
CPB_05.01,Callicebus barbarabrownae
CPB_05.01,Callicebus coimbrai
CPB_05.01,Sapajus flavius
CPB_05.01,Sapajus xanthosternos
CPB_06.01,Tolypeutes matacus
CPB_06.01,Tolypeutes tricinctus
CPB_07.01,Alouatta belzebul
CPB_07.01,Alouatta discolor
CPB_07.01,Alouatta puruensis
CPB_07.01,Ateles belzebuth
CPB_07.01,Ateles chamek
CPB_07.01,Ateles marginatus
CPB_07.01,Cacajao melanocephalus
CPB_07.01,Callicebus brunneus
CPB_07.01,Cebus kaapori
CPB_07.01,Chiropotes albinasus
CPB_07.01,Chiropotes satanas
CPB_07.01,Chiropotes utahickae
CPB_07.01,Lagothrix lagothricha cana
CPB_07.01,Lagothrix lagothricha lagothricha
CPB_07.01,Lagothrix lagothricha poeppigii
CPB_07.01,Mico melanurus
CPB_07.01,Mico rondoni
CPB_07.01,Saguinus martinsi martinsi
CPB_07.01,Saguinus martinsi ochraceus
CPB_07.01,Saguinus niger
CPB_07.01,Saimiri ustus
CPB_07.01,Saimiri vanzolinii
CPB_08.02,Alouatta belzebul
CPB_08.02,Alouatta caraya
CPB_08.02,Alouatta ululata
CPB_08.02,Callicebus barbarabrownae
CPB_08.02,Callicebus coimbrai
CPB_08.02,Sapajus flavius
CPB_08.02,Sapajus libidinosus
CPB_08.02,Sapajus xanthosternos
CPB_09.02,Saguinus bicolor
CPB_10.01,Alouatta guariba clamitans
CPB_10.01,Alouatta guariba guariba
CPB_10.01,Brachyteles arachnoides
CPB_10.01,Brachyteles hypoxanthus
CPB_10.01,Bradypus torquatus
CPB_10.01,Callicebus melanochir
CPB_10.01,Callicebus personatus
CPB_10.01,Callithrix aurita
CPB_10.01,Callithrix flaviceps
CPB_10.01,Callithrix kuhlii
CPB_10.01,Leontopithecus caissara
CPB_10.01,Leontopithecus chrysomelas
CPB_10.01,Leontopithecus chrysopygus
CPB_10.01,Leontopithecus rosalia
CPB_10.01,Sapajus nigritus cucullatus
CPB_10.01,Sapajus nigritus nigritus
CPB_10.01,Sapajus robustus
CPB_11.01,Myrmecophaga tridactyla
CPB_11.01,Priodontes maximus
CPB_11.01,Tolypeutes tricinctus
RAN_01.01,Amphisbaena hogei
RAN_01.01,Amphisbaena prunicolor
RAN_01.01,Amphisbaena roberti
RAN_01.01,Bothrops alcatraz
RAN_01.01,Bothrops insularis
RAN_01.01,Colobodactylus taunayi
RAN_01.01,Dipsas albifrons
RAN_01.01,Enyalius iheringii
RAN_01.01,Enyalius perditus
RAN_01.01,Leposternon microcephalum
RAN_01.01,Placosoma cordylinum
RAN_01.01,Polychrus marmoratus
RAN_01.01,Psychosaura macrorhyncha
RAN_01.01,Scinax alcatraz
RAN_02.01,Acratosaura spinosa
RAN_02.01,Amerotyphlops yonenagae
RAN_02.01,Amphisbaena uroxena
RAN_02.01,Anotosaura collaris
RAN_02.01,Calyptommatus sinebrachiatus
RAN_02.01,Cercosaura schreibersii
RAN_02.01,Enyalius erythroceneus
RAN_02.01,Erythrolamprus maryellenae
RAN_02.01,Heterodactylus imbricatus
RAN_02.01,Heterodactylus lundii
RAN_02.01,Heterodactylus septentrionalis
RAN_02.01,Hydromedusa maximiliani
RAN_02.01,Leposternon kisteumacheri
RAN_02.01,Philodryas agassizii
RAN_02.01,Philodryas laticeps
RAN_02.01,Physalaemus deimaticus
RAN_02.01,Physalaemus erythros
RAN_02.01,Physalaemus maximus
RAN_02.01,Placosoma cipoense
RAN_02.01,Psilophthalmus paeminosus
RAN_02.01,Rhachisaurus brachylepis
RAN_02.01,Rodriguesophis chui
RAN_02.01,Scinax cabralensis
RAN_02.01,Scinax pinimus
RAN_02.01,Stenocercus tricristatus
RAN_02.01,Tropidurus erythrocephalus
RAN_03.01,Anisolepis undulatus
RAN_03.01,Boana curupi
RAN_03.01,Boana semiguttata
RAN_03.01,Bothrops cotiara
RAN_03.01,Brachycephalus brunneus
RAN_03.01,Brachycephalus ferruginus
RAN_03.01,Brachycephalus izecksohni
RAN_03.01,Brachycephalus pernix
RAN_03.01,Brachycephalus pombali
RAN_03.01,Calamodontophis paucidens
RAN_03.01,Calamodontophis ronaldoi
RAN_03.01,Ceratophrys ornata
RAN_03.01,Clelia hussami
RAN_03.01,Contomastix lacertoides
RAN_03.01,Contomastix vacariensis
RAN_03.01,Crossodactylus caramaschii
RAN_03.01,Crossodactylus schmidti
RAN_03.01,Cycloramphus bolitoglossus
RAN_03.01,Cycloramphus diringshofeni
RAN_03.01,Cycloramphus rhyakonastes
RAN_03.01,Cycloramphus valae
RAN_03.01,Ditaxodon taeniatus
RAN_03.01,Elachistocleis erythrogaster
RAN_03.01,Homonota uruguayensis
RAN_03.01,Hylodes meridionalis
RAN_03.01,Hypsiboas marginatus
RAN_03.01,Hypsiboas poaju
RAN_03.01,Ischnocnema manezinho
RAN_03.01,Ischnocnema paranaensis
RAN_03.01,Limnomedusa macroglossa
RAN_03.01,Liolaemus arambarensis
RAN_03.01,Liolaemus occipitalis
RAN_03.01,Melanophryniscus admirabilis
RAN_03.01,Melanophryniscus alipioi
RAN_03.01,Melanophryniscus cambaraensis
RAN_03.01,Melanophryniscus dorsalis
RAN_03.01,Melanophryniscus macrogranulosus
RAN_03.01,Melanophryniscus montevidensis
RAN_03.01,Melanophryniscus sanmartini
RAN_03.01,Melanophryniscus spectabilis
RAN_03.01,Melanophryniscus vilavelhensis
RAN_03.01,Philodryas arnaldoi
RAN_03.01,Phrynomedusa appendiculata
RAN_03.01,Phrynops williamsi
RAN_03.01,Pleurodema bibroni
RAN_03.01,Proceratophrys bigibbosa
RAN_03.01,Stenocercus azureus
RAN_03.01,Thoropa saxatilis
RAN_03.01,Xenodon guentheri
RAN_03.01,Xenodon histricus
RAN_04.01,Adelophryne baturitensis
RAN_04.01,Adelophryne maranguapensis
RAN_04.01,Alexandresaurus camacan
RAN_04.01,Allobates alagoanus
RAN_04.01,Allobates capixaba
RAN_04.01,Allophryne relicta
RAN_04.01,Ameivula nativo
RAN_04.01,Amerotyphlops paucisquamus
RAN_04.01,Amphisbaena bahiana
RAN_04.01,Amphisbaena carvalhoi
RAN_04.01,Amphisbaena heathi
RAN_04.01,Amphisbaena leucocephala
RAN_04.01,Amphisbaena lumbricalis
RAN_04.01,Aparasphenodon arapapa
RAN_04.01,Atractus caete
RAN_04.01,Atractus maculatus
RAN_04.01,Atractus potschi
RAN_04.01,Atractus ronnie
RAN_04.01,Bokermannohyla lucianae
RAN_04.01,Bothrops muriciensis
RAN_04.01,Bothrops pirajai
RAN_04.01,Chiasmocleis alagoana
RAN_04.01,Chiasmocleis cordeiroi
RAN_04.01,Chiasmocleis crucis
RAN_04.01,Chiasmocleis gnoma
RAN_04.01,Chiasmocleis sapiranga
RAN_04.01,Chthonerpeton noctinectes
RAN_04.01,Coleodactylus elizae
RAN_04.01,Coleodactylus natalensis
RAN_04.01,Crossodactylus dantei
RAN_04.01,Crossodactylus lutzorum
RAN_04.01,Cycloramphus fulginosus
RAN_04.01,Cycloramphus migueli
RAN_04.01,Dendrophidion atlantica
RAN_04.01,Dendrophryniscus oreites
RAN_04.01,Dendropsophus dutrai
RAN_04.01,Dendropsophus studerae
RAN_04.01,Echinanthera cephalomaculata
RAN_04.01,Gastrotheca fissipes
RAN_04.01,Gastrotheca flamma
RAN_04.01,Glaucomastix abaetensis
RAN_04.01,Haddadus plicifer
RAN_04.01,Hydromedusa maximiliani
RAN_04.01,Hylomantis granulosa
RAN_04.01,Hypsiboas freicanecae
RAN_04.01,Leposoma annectans
RAN_04.01,Leposoma baturitensis
RAN_04.01,Leposoma nanodactylus
RAN_04.01,Leposoma puk
RAN_04.01,Leposoma sinepollex
RAN_04.01,Leposternon kisteumacheri
RAN_04.01,Leposternon octostegum
RAN_04.01,Leptodactylus cupreus
RAN_04.01,Leptodactylus hylodes
RAN_04.01,Leptodactylus ochraceus
RAN_04.01,Liotyphlops trefauti
RAN_04.01,Ophiodes striatus
RAN_04.01,Phasmahyla spectabilis
RAN_04.01,Phasmahyla timbo
RAN_04.01,Phyllodytes brevirostris
RAN_04.01,Phyllodytes edelmoi
RAN_04.01,Phyllodytes gyrinaethes
RAN_04.01,Phyllodytes maculosus
RAN_04.01,Phyllodytes punctatus
RAN_04.01,Physalaemus caete
RAN_04.01,Proceratophrys sanctaritae
RAN_04.01,Scinax muriciensis
RAN_04.01,Scinax skuki
RAN_04.01,Scinax strigilatus
RAN_04.01,Siphlophis leucocephalus
RAN_04.01,Sphaenorhynchus bromelicola
RAN_04.01,Sphaenorhynchus mirim
RAN_04.01,Tropidophis grapiuna
RAN_04.01,Tropidurus hygomi
RAN_05.01,Chelonoidis carbonaria
RAN_05.01,Chelonoidis denticulata
RAN_05.01,Chelus fimbriatus
RAN_05.01,Kinosternon scorpioides
RAN_05.01,Mesoclemmys gibba
RAN_05.01,Mesoclemmys nasuta
RAN_05.01,Mesoclemmys raniceps
RAN_05.01,Peltocephalus dumerilianus
RAN_05.01,Phrynops tuberosus
RAN_05.01,Platemys platycephala
RAN_05.01,Podocnemis erythrocephala
RAN_05.01,Podocnemis expansa
RAN_05.01,Podocnemis sextuberculata
RAN_05.01,Podocnemis unifilis
RAN_05.01,Rhinemys rufipes
RAN_05.01,Rhinoclemmys punctularia
RAN_06.01,Adelophryne meridionalis
RAN_06.01,Allobates capixaba
RAN_06.01,Allobates olfersioides
RAN_06.01,Ameivula nativo
RAN_06.01,Amphisbaena nigricauda
RAN_06.01,Amphisbaena sanctaeritae
RAN_06.01,Aplastodiscus flumineus
RAN_06.01,Aplastodiscus musicus
RAN_06.01,Atractus francoi
RAN_06.01,Atractus serranus
RAN_06.01,Boana cymbalum
RAN_06.01,Bokermannohyla ahenea
RAN_06.01,Bokermannohyla claresignata
RAN_06.01,Bokermannohyla clepsydra
RAN_06.01,Bokermannohyla feioi
RAN_06.01,Bokermannohyla gouveai
RAN_06.01,Bokermannohyla izecksohni
RAN_06.01,Bokermannohyla lucianae
RAN_06.01,Bokermannohyla martinsi
RAN_06.01,Bokermannohyla vulcaniae
RAN_06.01,Bothrops alcatraz
RAN_06.01,Bothrops insularis
RAN_06.01,Bothrops itapetiningae
RAN_06.01,Bothrops otavioi
RAN_06.01,Brachycephalus alipioi
RAN_06.01,Brachycephalus nodoterga
RAN_06.01,Brachycephalus vertebralis
RAN_06.01,Brasiliscincus caissara
RAN_06.01,Colobodactylus dalcyanus
RAN_06.01,Corallus cropanii
RAN_06.01,Crossodactylodes bokermanni
RAN_06.01,Crossodactylodes izecksohni
RAN_06.01,Crossodactylodes pintoi
RAN_06.01,Crossodactylus cyclospinus
RAN_06.01,Crossodactylus dispar
RAN_06.01,Cycloramphus carvalhoi
RAN_06.01,Cycloramphus faustoi
RAN_06.01,Cycloramphus fulginosus
RAN_06.01,Cycloramphus granulosus
RAN_06.01,Cycloramphus ohausi
RAN_06.01,Cycloramphus semipalmatus
RAN_06.01,Cycloramphus stejnegeri
RAN_06.01,Dactyloa nasofrontalis
RAN_06.01,Dactyloa pseudotigrina
RAN_06.01,Dendrophryniscus organensis
RAN_06.01,Dendropsophus limai
RAN_06.01,Dendropsophus rhea
RAN_06.01,Dendropsophus ruschii
RAN_06.01,Ditaxodon taeniatus
RAN_06.01,Euparkerella robusta
RAN_06.01,Euparkerella tridactyla
RAN_06.01,Gastrotheca fulvorufa
RAN_06.01,Glaucomastix littoralis
RAN_06.01,Holoaden bradei
RAN_06.01,Holoaden luederwaldti
RAN_06.01,Holoaden pholeter
RAN_06.01,Hylodes amnicola
RAN_06.01,Hylodes glaber
RAN_06.01,Hylodes magalhaesi
RAN_06.01,Hylodes mertensi
RAN_06.01,Hylodes perere
RAN_06.01,Hylodes regius
RAN_06.01,Hylodes vanzolinii
RAN_06.01,Hypsiboas secedens
RAN_06.01,Ischnocnema epipeda
RAN_06.01,Ischnocnema gehrti
RAN_06.01,Ischnocnema lactea
RAN_06.01,Ischnocnema oea
RAN_06.01,Ischnocnema pusilla
RAN_06.01,Ischnocnema randorum
RAN_06.01,Leposoma annectans
RAN_06.01,Leposternon scutigerum
RAN_06.01,Leptodactylus cupreus
RAN_06.01,Liolaemus lutzae
RAN_06.01,Liotyphlops schubarti
RAN_06.01,Megaelosia apuana
RAN_06.01,Megaelosia bocainensis
RAN_06.01,Megaelosia boticariana
RAN_06.01,Megaelosia jordanensis
RAN_06.01,Megaelosia lutzae
RAN_06.01,Megaelosia massarti
RAN_06.01,Melanophryniscus peritus
RAN_06.01,Melanophryniscus setiba
RAN_06.01,Micrurus ibiboboca
RAN_06.01,Mimosiphonops vermiculatus
RAN_06.01,Nyctimantis pomba
RAN_06.01,Ophiodes striatus
RAN_06.01,Paratelmatobius gaigeae
RAN_06.01,Paratelmatobius lutzii
RAN_06.01,Paratelmatobius mantiqueira
RAN_06.01,Phalotris lativittatus
RAN_06.01,Phasmahyla spectabilis
RAN_06.01,Philodryas laticeps
RAN_06.01,Phrynomedusa bokermanni
RAN_06.01,Phrynomedusa marginata
RAN_06.01,Phrynomedusa vanzolinii
RAN_06.01,Phyllodytes maculosus
RAN_06.01,Physalaemus angrensis
RAN_06.01,Physalaemus irroratus
RAN_06.01,Physalaemus maximus
RAN_06.01,Physalaemus rupestris
RAN_06.01,Physalaemus soaresi
RAN_06.01,Proceratophrys moehringi
RAN_06.01,Proceratophrys palustris
RAN_06.01,Proceratophrys pombali
RAN_06.01,Ranacephala hogei
RAN_06.01,Scinax alcatraz
RAN_06.01,Scinax angrensis
RAN_06.01,Scinax arduous
RAN_06.01,Scinax atratus
RAN_06.01,Scinax belloni
RAN_06.01,Scinax caldarum
RAN_06.01,Scinax duartei
RAN_06.01,Scinax faivovichi
RAN_06.01,Scinax heyeri
RAN_06.01,Scinax insperatus
RAN_06.01,Scinax jureia
RAN_06.01,Scinax kautskyi
RAN_06.01,Scinax melloi
RAN_06.01,Scinax peixotoi
RAN_06.01,Scinax ranki
RAN_06.01,Scinax strigilatus
RAN_06.01,Sphaenorhynchus botocudo
RAN_06.01,Sphaenorhynchus mirim
RAN_06.01,Stenocercus azureus
RAN_06.01,Stenocercus tricristatus
RAN_06.01,Thoropa lutzi
RAN_06.01,Thoropa petropolitana
RAN_06.01,Xenohyla truncata
RAN_07.01,Aguarunichthys tocantinsensis
RAN_07.01,Allobates brunneus
RAN_07.01,Allobates goianus
RAN_07.01,Ameiva parecis
RAN_07.01,Ameivula mumbuca
RAN_07.01,Ancistrus minutus
RAN_07.01,Apostolepis serrana
RAN_07.01,Apostolepis striata
RAN_07.01,Atractus hoogmoedi
RAN_07.01,Bachia didactyla
RAN_07.01,Bachia psamophila
RAN_07.01,Baryancistrus longipinnis
RAN_07.01,Baryancistrus niveatus
RAN_07.01,Bolitoglossa paraensis
RAN_07.01,Brycon gouldingi
RAN_07.01,Colobosauroides carvalhoi
RAN_07.01,Corumbataia britskii
RAN_07.01,Creagrutus varii
RAN_07.01,Crenicichla cyclostoma
RAN_07.01,Crenicichla jegui
RAN_07.01,Hasemania crenuchoides
RAN_07.01,Hydrodynastes melanogigas
RAN_07.01,Hyphessobrycon coelestinus
RAN_07.01,Kentropyx vanzoi
RAN_07.01,Lamontichthys avacanoeiro
RAN_07.01,Lamontichthys parakana
RAN_07.01,Loricaria coximensis
RAN_07.01,Microglanis robustus
RAN_07.01,Mylesinus paucisquamatus
RAN_07.01,Phalotris multipunctatus
RAN_07.01,Philodryas livida
RAN_07.01,Pimelodus halisodous
RAN_07.01,Pimelodus joannis
RAN_07.01,Pimelodus stewartii
RAN_07.01,Potamobatrachus trispinosus
RAN_07.01,Proceratophrys moratoi
RAN_07.01,Rhynchodoras xingui
RAN_07.01,Roestes itupiranga
RAN_07.01,Sapajus cay
RAN_07.01,Sartor tucuruiense
RAN_07.01,Scobinancistrus pariolispos
RAN_07.01,Stenocercus dumerilii
RAN_07.01,Teleocichla cinderella
RAN_08.02,Erythrolamprus maryellenae
RAN_08.02,Heterodactylus lundii
RAN_08.02,Hydromedusa maximiliani
RAN_08.02,Philodryas laticeps
RAN_08.02,Physalaemus maximus
RAN_08.02,Placosoma cipoense
RAN_08.02,Psilophthalmus paeminosus
RAN_09.02,Apostolepis quirogai
RAN_09.02,Atractus thalesdelemai
RAN_09.02,Boana curupi
RAN_09.02,Boana semiguttata
RAN_09.02,Bothrops itapetiningae
RAN_09.02,Brachycephalus pernix
RAN_09.02,Calamodontophis paucidens
RAN_09.02,Calamodontophis ronaldoi
RAN_09.02,Ceratophrys ornata
RAN_09.02,Contomastix vacariensis
RAN_09.02,Crossodactylus schmidti
RAN_09.02,Cycloramphus bolitoglossus
RAN_09.02,Cycloramphus diringshofeni
RAN_09.02,Ditaxodon taeniatus
RAN_09.02,Homonota uruguayensis
RAN_09.02,Hypsiboas poaju
RAN_09.02,Ischnocnema manezinho
RAN_09.02,Liolaemus arambarensis
RAN_09.02,Liolaemus occipitalis
RAN_09.02,Melanophryniscus admirabilis
RAN_09.02,Melanophryniscus cambaraensis
RAN_09.02,Melanophryniscus dorsalis
RAN_09.02,Melanophryniscus macrogranulosus
RAN_09.02,Melanophryniscus montevidensis
RAN_09.02,Melanophryniscus spectabilis
RAN_09.02,Stenocercus azureus
RAN_09.02,Thoropa saxatilis
RAN_09.02,Tropidurus imbituba
RAN_10.02,Acratosaura spinosa
RAN_10.02,Adelophryne maranguapensis
RAN_10.02,Alexandresaurus camacan
RAN_10.02,Ameivula cyanura
RAN_10.02,Ameivula nativo
RAN_10.02,Amerotyphlops amoipira
RAN_10.02,Amerotyphlops paucisquamus
RAN_10.02,Amerotyphlops yonenagae
RAN_10.02,Amphisbaena arda
RAN_10.02,Amphisbaena frontalis
RAN_10.02,Amphisbaena hastata
RAN_10.02,Amphisbaena nigricauda
RAN_10.02,Amphisbaena ridley
RAN_10.02,Amphisbaena supernumeraria
RAN_10.02,Amphisbaena uroxena
RAN_10.02,Anotosaura collaris
RAN_10.02,Aparasphenodon arapapa
RAN_10.02,Apostolepis arenaria
RAN_10.02,Apostolepis gaboi
RAN_10.02,Aspronema dorsivittatum
RAN_10.02,Atractus caete
RAN_10.02,Atractus ronnie
RAN_10.02,Bothrops bilineatus
RAN_10.02,Bothrops jararacussu
RAN_10.02,Bothrops muriciensis
RAN_10.02,Bothrops pirajai
RAN_10.02,Caaeteboia amarali
RAN_10.02,Calyptommatus leiolepis
RAN_10.02,Calyptommatus nicterus
RAN_10.02,Calyptommatus sinebrachiatus
RAN_10.02,Cercosaura ocellata
RAN_10.02,Chiasmocleis alagoana
RAN_10.02,Coleodactylus natalensis
RAN_10.02,Colobosauroides carvalhoi
RAN_10.02,Crossodactylus dantei
RAN_10.02,Crossodactylus lutzorum
RAN_10.02,Dendropsophus studerae
RAN_10.02,Dipsas sazimai
RAN_10.02,Dryadosaura nordestina
RAN_10.02,Drymoluber brazili
RAN_10.02,Drymoluber dichrous
RAN_10.02,Echinanthera cephalomaculata
RAN_10.02,Echinanthera cephalostriata
RAN_10.02,Enyalius erythroceneus
RAN_10.02,Erythrolamprus reginae
RAN_10.02,Eurolophosaurus amathites
RAN_10.02,Eurolophosaurus divaricatus
RAN_10.02,Frostius pernambucensis
RAN_10.02,Gastrotheca fissipes
RAN_10.02,Gastrotheca pulchra
RAN_10.02,Glaucomastix abaetensis
RAN_10.02,Gymnodactylus vanzolinii
RAN_10.02,Heterodactylus septentrionalis
RAN_10.02,Hydromedusa maximiliani
RAN_10.02,Hylomantis granulosa
RAN_10.02,Hypsiboas exastis
RAN_10.02,Hypsiboas freicanecae
RAN_10.02,Ischnocnema verrucosa
RAN_10.02,Lachesis muta
RAN_10.02,Leposoma annectans
RAN_10.02,Leposoma baturitensis
RAN_10.02,Leposoma nanodactylus
RAN_10.02,Leposoma puk
RAN_10.02,Leposoma sinepollex
RAN_10.02,Leposternon kisteumacheri
RAN_10.02,Leposternon octostegum
RAN_10.02,Nothobachia ablephara
RAN_10.02,Oxyrhopus clathratus
RAN_10.02,Oxyrhopus formosus
RAN_10.02,Oxyrhopus rhombifer
RAN_10.02,Phasmahyla spectabilis
RAN_10.02,Phasmahyla timbo
RAN_10.02,Philodryas aestiva
RAN_10.02,Philodryas agassizii
RAN_10.02,Phyllodytes acuminatus
RAN_10.02,Phyllodytes brevirostris
RAN_10.02,Phyllodytes edelmoi
RAN_10.02,Phyllodytes gyrinaethes
RAN_10.02,Physalaemus caete
RAN_10.02,Procellosaurinus erythrocercus
RAN_10.02,Procellosaurinus tetradactylus
RAN_10.02,Proceratophrys sanctaritae
RAN_10.02,Psilophthalmus paeminosus
RAN_10.02,Rodriguesophis chui
RAN_10.02,Rodriguesophis iglesiasi
RAN_10.02,Rodriguesophis scriptorcibatus
RAN_10.02,Scriptosaura catimbau
RAN_10.02,Siphlophis compressus
RAN_10.02,Siphlophis pulcher
RAN_10.02,Sphaenorhynchus bromelicola
RAN_10.02,Stenocercus dumerilii
RAN_10.02,Stenolepis ridleyi
RAN_10.02,Strobilurus torquatus
RAN_10.02,Thamnodynastes almae
RAN_10.02,Trachylepis atlantica
RAN_10.02,Tropidodryas serra
RAN_10.02,Tropidophis grapiuna
RAN_10.02,Tropidurus erythrocephalus
RAN_10.02,Tropidurus hygomi
RAN_10.02,Tropidurus mucujensis
RAN_10.02,Tropidurus psammonastes
RAN_10.02,Uromacerina ricardinii
RAN_10.02,Vitreorana eurygnatha
RAN_10.02,Xenopholis scalaris
TAMAR_01.01,Caretta caretta
TAMAR_01.01,Chelonia mydas
TAMAR_01.01,Dermochelys coriacea
TAMAR_01.01,Eretmochelys imbricata
TAMAR_01.01,Lepidochelys olivacea
TAMAR_02.02,Caretta caretta
TAMAR_02.02,Chelonia mydas
TAMAR_02.02,Dermochelys coriacea
TAMAR_02.02,Eretmochelys imbricata
TAMAR_02.02,Lepidochelys olivacea
CEMAVE_33.03,Procnias averano averano
CEMAVE_33.03,Antilophia bokermanni
CEMAVE_33.03,Cyanopsitta spixii
CEMAVE_33.03,Neomorphus geoffroyi geoffroyi
CEMAVE_33.03,Odontophorus capueira plumbeicollis
CEMAVE_33.03,Anodorhynchus leari
CEMAVE_33.03,Augastes lumachella
CEMAVE_33.03,Conopophaga cearae
CEMAVE_33.03,Colibri delphinae greenewalti
CEMAVE_33.03,Formicivora grantsaui
CEMAVE_33.03,Hemitriccus mirandae
CEMAVE_33.03,Leptodon forbesi
CEMAVE_33.03,Myrmoderus ruficauda
CEMAVE_33.03,Phylloscartes beckeri
CEMAVE_33.03,Phylloscartes roquettei
CEMAVE_33.03,Pyrrhura griseipectus
CEMAVE_33.03,Rhopornis ardesiacus
CEMAVE_33.03,Sclerurus cearensis
CEMAVE_33.03,Synallaxis infuscata
CEMAVE_33.03,Scytalopus diamantinensis
CEMAVE_33.03,Terenura sicki
CEMAVE_33.03,Thalurania watertonii
CEMAVE_33.03,Xiphorhynchus guttatoides gracilirostris
CEMAVE_33.03,Crypturellus zabele
CEMAVE_33.03,Penelope jacucaca
CEMAVE_33.03,Platyrinchus mystaceus niveigularis
CEMAVE_33.03,Pyriglena pernambucensis
CEMAVE_33.03,Spinus yarrellii
CEMAVE_33.03,Tangara fastuosa
CEMAVE_33.03,Tangara cyanocephala cearensis
CEMAVE_33.03,Thamnophilus caerulescens cearensis
CEMAVE_33.03,Thamnophilus caerulescens pernambucensis
CEMAVE_33.03,Xenops minutus alagoanus
CEMAVE_33.03,Xiphocolaptes falcirostris
CEMAVE_33.03,Xiphorhynchus atlanticus
CEMAVE_33.03,Conopophaga melanops nigrifrons
CEMAVE_33.03,Euscarthmus rufomarginatus
CEMAVE_33.03,Polystictus superciliaris
CEMAVE_33.03,Amazona aestiva
CEMAVE_33.03,Aratinga jandaya
CEMAVE_33.03,Attila spadiceus
CEMAVE_33.03,Buteogallus aequinoctialis
CEMAVE_33.03,Cairina moschata
CEMAVE_33.03,Cacicus cela
CEMAVE_33.03,Chamaeza campanisona
CEMAVE_33.03,Conopophaga roberti
CEMAVE_33.03,Chiroxiphia pareola
CEMAVE_33.03,Cypseloides fumigatus
CEMAVE_33.03,Dysithamnus mentalis
CEMAVE_33.03,Egretta tricolor
CEMAVE_33.03,Eudocimus ruber
CEMAVE_33.03,Leptodon cayanensis
CEMAVE_33.03,Leptotila rufaxilla
CEMAVE_33.03,Momotus momota
CEMAVE_33.03,Penelope superciliaris
CEMAVE_33.03,Pionus maximiliani
CEMAVE_33.03,Pipra fasciicauda
CEMAVE_33.03,Primolius maracana
CEMAVE_33.03,Saltator similis
CEMAVE_33.03,Sarkidiornis sylvicola
CEMAVE_33.03,Selenidera gouldii
CEMAVE_33.03,Spizaetus tyrannus
CEMAVE_33.03,Sporophila bouvreuil
CEMAVE_33.03,Tangara cyanoventris
CEMAVE_33.03,Thectocercus acuticaudatus
CEMAVE_33.03,Ara chloropterus
CEMAVE_33.03,Rhea americana
CEMAVE_34.02,Fregata minor
CEMAVE_34.02,Fregata trinitatis
CEMAVE_34.02,Pterodroma arminjoniana
CEMAVE_34.02,Puffinus lherminieri
CEMAVE_34.02,Phaethon aethereus
CEMAVE_34.02,Phaethon lepturus
CEMAVE_34.02,Pterodroma incerta
CEMAVE_34.02,Pterodroma madeira
CEMAVE_34.02,Sula sula
CEMAVE_34.02,Thalasseus maximus
CEMAVE_34.02,Pterodroma deserta
CEMAVE_34.02,Sterna dougallii
CEMAVE_34.02,Sterna hirundinacea
CEMAVE_34.02,Thalasseus acuflavidus
CEMAVE_34.02,Calonectris edwardsii
CEMAVE_34.02,Gygis alba
CEMAVE_34.02,Spheniscus magellanicus
TAMAR_03.03,Dermochelys coriacea
TAMAR_03.03,Eretmochelys imbricata
TAMAR_03.03,Caretta caretta
TAMAR_03.03,Lepidochelys olivacea
TAMAR_03.03,Chelonia mydas
CEPTA_10.02,Delturus parahybae
CEPTA_10.02,Phallotorynus fasciolatus
CEPTA_10.02,Brycon insignis
CEPTA_10.02,Hyphessobrycon duragenys
CEPTA_10.02,Steindachneridion parahybae
CEPTA_10.02,Brycon opalinus
CEPTA_10.02,Hypomasticus thayeri
CEPTA_10.02,Pogonopoma parahybae
CEPTA_10.02,Prochilodus vimboides
CEPTA_10.02,Taunayia bifasciata
CEPTA_10.02,Ranacephala hogei
CEPTA_10.02,Hemipsilichthys gobio
CEPTA_10.02,Hemipsilichthys papillatus
CEPTA_10.02,Homodiaetus banguela
CEPTA_10.02,Homodiaetus passarellii
CEPTA_10.02,Microcambeva barbata
CEPTA_10.02,Pareiorhina brachyrhyncha
CEPTA_10.02,Pareiorhaphis garbei
CEPTA_10.02,Pseudotothyris janeirensis
CEPTA_10.02,Pseudotocinclus parahybae
CEMAVE_32.03,Leptasthenura platensis
CEMAVE_32.03,Coryphistera alaudina
CEMAVE_32.03,Gubernatrix cristata
CEMAVE_32.03,Laterallus spilopterus
CEMAVE_32.03,Urubitinga coronata
CEMAVE_32.03,Scytalopus iraiensis
CEMAVE_32.03,Circus cinereus
CEMAVE_32.03,Asthenes hudsoni
CEMAVE_32.03,Pseudoseisura lophotes
CEMAVE_32.03,Heteroxolmis dominicanus
CEMAVE_32.03,Alectrurus tricolor
CEMAVE_32.03,Anthus nattereri
CEMAVE_32.03,Xanthopsar flavus
CEMAVE_32.03,Sporophila beltoni
CEMAVE_32.03,Sporophila hypoxantha
CEMAVE_32.03,Sporophila ruficollis
CEMAVE_32.03,Sporophila palustris
CEMAVE_32.03,Sporophila melanogaster
CEMAVE_32.03,Hydropsalis anomala
CEMAVE_32.03,Cinclodes pabsti
CEMAVE_32.03,Limnoctites rectirostris
CEMAVE_32.03,Sporophila cinnamomea
CEMAVE_32.03,Culicivora caudacuta
CEMAVE_32.03,Polystictus pectoralis
CEMAVE_32.03,Sporophila pileata
CENAP_15.03,Pteronura brasiliensis
RAN_11.02,Boana buriti
RAN_11.02,Bokermannohyla napolii
RAN_11.02,Bokermannohyla vulcaniae
RAN_11.02,Crossodactylodes itambe
RAN_11.02,Crossodactylodes izecksohni
RAN_11.02,Crossodactylus boulengeri
RAN_11.02,Crossodactylus dispar
RAN_11.02,Crossodactylus franciscanus
RAN_11.02,Cycloramphus faustoi
RAN_11.02,Cycloramphus stejnegeri
RAN_11.02,Euparkerella robusta
RAN_11.02,Holoaden bradei
RAN_11.02,Hylodes glaber
RAN_11.02,Hylodes magalhaesi
RAN_11.02,Hylodes mertensi
RAN_11.02,Hylodes sazimai
RAN_11.02,Ischnocnema epipeda
RAN_11.02,Ischnocnema garciai
RAN_11.02,Ischnocnema karst
RAN_11.02,Melanophryniscus setiba
RAN_11.02,Nyctimantis pomba
RAN_11.02,Paratelmatobius lutzii
RAN_11.02,Phrynomedusa marginata
RAN_11.02,Phrynomedusa vanzolinii
RAN_11.02,Physalaemus soaresi
RAN_11.02,Proceratophrys palustris
RAN_11.02,Scinax alcatraz
RAN_11.02,Scinax faivovichi
RAN_11.02,Scinax peixotoi
RAN_11.02,Scinax pinimus
RAN_11.02,Sphaenorhynchus canga
RAN_11.02,Thoropa lutzi
RAN_11.02,Thoropa petropolitana
RAN_11.02,Xenohyla truncata
RAN_11.02,Amphisbaena sanctaeritae
RAN_11.02,Bothrops itapetiningae
RAN_11.02,Caparaonia itaiquara
RAN_11.02,Enyalius brasiliensis
RAN_11.02,Leposternon maximus
RAN_11.02,Phalotris lativittatus
RAN_11.02,Stenocercus quinarius
RAN_11.02,Ameiva jacuba
RAN_11.02,Ameivula cipoensis
RAN_11.02,Amphisbaena metallurga
RAN_11.02,Bothrops germanoi
RAN_11.02,Bothrops sazimai
RAN_11.02,Chlorosoma laticeps
RAN_11.02,Enyalius capetinga
RAN_11.02,Leposternon mineiro
RAN_11.02,Psilops seductus
RAN_11.02,Bothrops alcatraz
RAN_11.02,Bothrops insularis
RAN_11.02,Bothrops otavioi
RAN_11.02,Liolaemus lutzae
RAN_11.02,Ameivula nativo
RAN_11.02,Amphisbaena nigricauda
RAN_11.02,Brasiliscincus caissara
RAN_11.02,Colobodactylus dalcyanus
RAN_11.02,Glaucomastix littoralis
RAN_11.02,Leposternon scutigerum
RAN_11.02,Phalotris multipunctatus
RAN_11.02,Placosoma cipoense
RAN_11.02,Corallus cropanii
RAN_11.02,Dactyloa nasofrontalis
RAN_11.02,Dactyloa pseudotigrina
RAN_11.02,Ditaxodon taeniatus
RAN_11.02,Heterodactylus lundii
RAN_11.02,Leposternon kisteumacheri
RAN_11.02,Ranacephala hogei
RAN_11.02,Bokermannohyla martinsi
RAN_11.02,Bokermannohyla sagarana
RAN_11.02,Crossodactylodes bokermanni
RAN_11.02,Holoaden luederwaldti
RAN_11.02,Hylodes otavioi
RAN_11.02,Ischnocnema erythromera
RAN_11.02,Ischnocnema oea
RAN_11.02,Phasmahyla spectabilis
RAN_11.02,Scinax belloni
RAN_11.02,Scinax cabralensis
RAN_11.02,Bachia geralista
RAN_11.02,Phalotris concolor
RAN_11.02,Rhachisaurus brachylepis
RAN_11.02,Tropidophis preciosus
RAN_11.02,Allobates olfersioides
RAN_11.02,Brachycephalus alipioi
RAN_11.02,Cycloramphus bandeirensis
RAN_11.02,Physalaemus maximus
RAN_11.02,Proceratophrys moehringi
RAN_11.02,Proceratophrys phyllostomus
RAN_11.02,Sphaenorhynchus mirim
RAN_11.02,Caiman latirostris
RAN_11.02,Hydromedusa maximiliani
RAN_11.02,Philodryas lívida
RAN_11.02,Pithecopus ayeaye
RAN_11.02,Stenocercus azureus
CEMAVE_36.04,Diomedea dabbenena
CEMAVE_36.04,Diomedea exulans
CEMAVE_36.04,Diomedea sanfordi
CEMAVE_36.04,Thalassarche chlororhynchos
CEMAVE_36.04,Diomedea epomophora
CEMAVE_36.04,Procellaria conspicillata
CEMAVE_36.04,Procellaria aequinoctialis
CPB_13.03,Callicebus barbarabrownae
CPB_13.03,Alouatta ululata
CPB_13.03,Callicebus coimbrai
CPB_13.03,Sapajus flavius
CPB_13.03,Sapajus xanthosternos
CPB_13.03,Alouatta belzebul
CPB_12.02,Cebus kaapori
CPB_12.02,Chiropotes satanas
CPB_12.02,Ateles marginatus
CPB_12.02,Ateles belzebuth
CPB_12.02,Ateles chamek
CPB_12.02,Alouatta belzebul
CPB_12.02,Alouatta discolor
CPB_12.02,Lagothrix lagothricha lagothricha
CPB_12.02,Saimiri vanzolinii
CPB_12.02,Chiropotes utahickae
CENAP_17.02,Chrysocyon brachyurus
CENAP_17.02,Speothos venaticus
CENAP_17.02,Atelocynus microtis
CENAP_17.02,Lycalopex vetulus
CEPSUL_04.02,Carcharhinus falciformis
CEPSUL_04.02,Carcharhinus galapagensis
CEPSUL_04.02,Carcharhinus longimanus
CEPSUL_04.02,Carcharhinus plumbeus
CEPSUL_04.02,Carcharhinus porosus
CEPSUL_04.02,Isogomphodon oxyrhynchus
CEPSUL_04.02,Sphyrna Gilberti
CEPSUL_04.02,Sphyrna lewini
CEPSUL_04.02,Sphyrna media
CEPSUL_04.02,Sphyrna mokarran
CEPSUL_04.02,Sphyrna tiburo
CEPSUL_04.02,Sphyrna tudes
CEPSUL_04.02,Sphyrna zygaena
CEPSUL_04.02,Galeorhinus galeus
CEPSUL_04.02,Mustelus fasciatus
CEPSUL_04.02,Mustelus schmitti
CEPSUL_04.02,Notorynchus cepedianus
CEPSUL_04.02,Alopias vulpinus
CEPSUL_04.02,Cetorhinus maximus
CEPSUL_04.02,Isurus oxyrinchus
CEPSUL_04.02,Carcharias taurus
CEPSUL_04.02,Bathytoshia centroura
CEPSUL_04.02,Gymnura altavela
CEPSUL_04.02,Myliobatis goodei
CEPSUL_04.02,Myliobatis ridens
CEPSUL_04.02,Rhinoptera brasiliensis
CEPSUL_04.02,Pristis pectinata
CEPSUL_04.02,Pristis pristis
CEPSUL_04.02,Pseudobatos horkelii
CEPSUL_04.02,Squatina argentina
CEPSUL_04.02,Squatina guggenheim
CEPSUL_04.02,Squatina occulta
CEPSUL_04.02,Carcharhinus obscurus
CEPSUL_04.02,Carcharhinus signatus
CEPSUL_04.02,Negaprion brevirostris
CEPSUL_04.02,Mustelus canis
CEPSUL_04.02,Alopias superciliosus
CEPSUL_04.02,Myliobatis freminvillei
CEPSUL_04.02,Atlantoraja castelnaui
CEPSUL_04.02,Sympterygia acuta
CEPSUL_04.02,Sympterygia bonapartii
CEPSUL_04.02,Thunnus thynnus
CEPSUL_04.02,Carcharhinus acronotus
CEPSUL_04.02,Carcharhinus brevipinna
CEPSUL_04.02,Carcharhinus leucas
CEPSUL_04.02,Carcharhinus perezi
CEPSUL_04.02,Carcharodon carcharias
CEPSUL_04.02,Fontitrygon colarensis
CEPSUL_04.02,Hypanus berthalutzae
CEPSUL_04.02,Hypanus marianae
CEPSUL_04.02,Mobula birostris
CEPSUL_04.02,Mobula mobular
CEPSUL_04.02,Mobula tarapacana
CEPSUL_04.02,Mobula thurstoni
CEPSUL_04.02,Urotrygon microphthalmum
CEPSUL_04.02,Ginglymostoma cirratum
CEPSUL_04.02,Rhincodon typus
CEPSUL_04.02,Atlantoraja cyclophora
CEPSUL_04.02,Rioraja agassizii
CEPSUL_04.02,Pseudobatos percellens
CEPSUL_04.02,Zapteryx brevirostris
CEPSUL_04.02,Narcine brasiliensis
CEPSUL_04.02,Makaira nigricans
CEPTA_11.02,Astyanax eremus
CEPTA_11.02,Cnesterodon omorgmatos
CEPTA_11.02,Hasemania maxillaris
CEPTA_11.02,Hasemania melanura
CEPTA_11.02,Hyphessobrycon taurocephalus
CEPTA_11.02,Cambeva crassicaudata
CEPTA_11.02,Cambeva mboycy
CEPTA_11.02,Cambeva papillifera
CEPTA_11.02,Steindachneridion melanodermatum
CEPTA_11.02,Cambeva igobi
CEPTA_11.02,Cnesterodon carnegiei
CPB_14.03,Saguinus bicolor
CENAP_16.02,Panthera onca
CENAP_16.02,Puma concolor
CPB_15.02,Callicebus nigrifrons
CPB_15.02,Alouatta guariba
CPB_15.02,Brachyteles arachnoides
CPB_15.02,Brachyteles hypoxanthus
CPB_15.02,Bradypus torquatus
CPB_15.02,Callicebus personatus
CPB_15.02,Callithrix aurita
CPB_15.02,Callithrix flaviceps
CPB_15.02,Leontopithecus caissara
CPB_15.02,Leontopithecus chrysomelas
CPB_15.02,Leontopithecus chrysopygus
CPB_15.02,Leontopithecus rosalia
CPB_15.02,Sapajus robustus
RAN_12.02,Baryancistrus niveatus
RAN_12.02,Loricaria coximensis
RAN_12.02,Microglanis maculatus
RAN_12.02,Anomaloglossus tepequem
RAN_12.02,Bachia psamophila
RAN_12.02,Ancistrus minutus
RAN_12.02,Brycon gouldingi
RAN_12.02,Mylesinus paucisquamatus
RAN_12.02,Sartor tucuruiense
RAN_12.02,Anomaloglossus apiau
RAN_12.02,Ameiva parecis
RAN_12.02,Apostolepis striata
RAN_12.02,Bachia didactyla
RAN_12.02,Gonatodes tapajonicus
RAN_12.02,Phalotris multipunctatus
RAN_12.02,Pimelodus stewartii
RAN_12.02,Boana buriti
RAN_12.02,Melanophryniscus klappenbachi
RAN_12.02,Kentropyx vanzoi
RAN_12.02,Philodryas livida
RAN_12.02,Sapajus cay
CEPSUL_05.02,Carcharhinus galapagensis
CEPSUL_05.02,Carcharhinus plumbeus
CEPSUL_05.02,Epinephelus itajara
CEPSUL_05.02,Otophidium chickcharney
CEPSUL_05.02,Polyprion americanus
CEPSUL_05.02,Scarus trispinosus
CEPSUL_05.02,Balistes capriscus
CEPSUL_05.02,Cerdale fasciata
CEPSUL_05.02,Elacatinus figaro
CEPSUL_05.02,Epinephelus morio
CEPSUL_05.02,Hyporthodus nigritus
CEPSUL_05.02,Lutjanus purpureus
CEPSUL_05.02,Mycteroperca bonaci
CEPSUL_05.02,Negaprion brevirostris
CEPSUL_05.02,Scarus zelindae
CEPSUL_05.02,Carcharhinus perezi
CEPSUL_05.02,Choranthias salmopunctatus
CEPSUL_05.02,Enneanectes smithi
CEPSUL_05.02,Epinephelus marginatus
CEPSUL_05.02,Ginglymostoma cirratum
CEPSUL_05.02,Halichoeres rubrovirens
CEPSUL_05.02,Hippocampus erectus
CEPSUL_05.02,Hippocampus patagonicus
CEPSUL_05.02,Hippocampus reidi
CEPSUL_05.02,Hyporthodus niveatus
CEPSUL_05.02,Lopholatilus villarii
CEPSUL_05.02,Lutjanus cyanopterus
CEPSUL_05.02,Malacoctenus brunoi
CEPSUL_05.02,Mobula birostris
CEPSUL_05.02,Microspathodon chrysurus
CEPSUL_05.02,Mobula tarapacana
CEPSUL_05.02,Mycteroperca interstitialis
CEPSUL_05.02,Prognathodes obliquus
CEPSUL_05.02,Sparisoma amplum
CEPSUL_05.02,Sparisoma axillare
CEPSUL_05.02,Sparisoma frondosum
CEPSUL_05.02,Sparisoma rocha
CEPSUL_05.02,Stegastes rocasensis
CEPSUL_05.02,Stegastes sanctipauli
CEPSUL_05.02,Stegastes trindadensis
CEPSUL_05.02,Millepora braziliensis
CEPSUL_05.02,Synaptula secreta
CEPSUL_05.02,Eustrombus goliath
CEPSUL_05.02,Mussismilia harttii
CEPSUL_05.02,Cassis tuberosa
CEPSUL_05.02,Condylactis gigantea
CEPSUL_05.02,Linckia guildingi
CEPSUL_05.02,Macrostrombus costatus
CEPSUL_05.02,Millepora laboreli
CEPSUL_05.02,Mussismilia braziliensis
CEPSUL_05.02,Oreaster reticulatus
CEPSUL_05.02,Petaloconchus myrakeenae
