id_pan,sigla_estado
CBC_02.01,AL
CBC_02.01,BA
CBC_02.01,CE
CBC_02.01,DF
CBC_02.01,ES
CBC_02.01,GO
CBC_02.01,MA
CBC_02.01,MG
CBC_02.01,PA
CBC_02.01,PR
CBC_02.01,PE
CBC_02.01,PI
CBC_02.01,RJ
CBC_02.01,RN
CBC_02.01,RS
CBC_02.01,SP
CBC_02.01,SE
CBC_02.01,TO
CBC_02.01,SC
CBC_02.01,PB
CBC_02.01,MT
CBC_02.01,MS
CECAV_03.01,AC
CECAV_03.01,AL
CECAV_03.01,AP
CECAV_03.01,AM
CECAV_03.01,BA
CECAV_03.01,CE
CECAV_03.01,ES
CECAV_03.01,DF
CECAV_03.01,GO
CECAV_03.01,MA
CECAV_03.01,MT
CECAV_03.01,MS
CECAV_03.01,MG
CECAV_03.01,PA
CECAV_03.01,PB
CECAV_03.01,PE
CECAV_03.01,PI
CECAV_03.01,PR
CECAV_03.01,RJ
CECAV_03.01,RN
CECAV_03.01,RS
CECAV_03.01,RO
CECAV_03.01,RR
CECAV_03.01,SC
CECAV_03.01,SP
CECAV_03.01,SE
CECAV_03.01,TO
CEMAVE_20.01,AL
CEMAVE_20.01,BA
CEMAVE_20.01,DF
CEMAVE_20.01,ES
CEMAVE_20.01,CE
CEMAVE_20.01,GO
CEMAVE_20.01,MS
CEMAVE_20.01,MG
CEMAVE_20.01,PB
CEMAVE_20.01,PE
CEMAVE_20.01,PI
CEMAVE_20.01,RJ
CEMAVE_20.01,RN
CEMAVE_20.01,RS
CEMAVE_20.01,SC
CEMAVE_20.01,SP
CEMAVE_20.01,SE
CEMAVE_21.02,BA
CEMAVE_21.02,DF
CEMAVE_21.02,ES
CEMAVE_21.02,GO
CEMAVE_21.02,MT
CEMAVE_21.02,MS
CEMAVE_21.02,MG
CEMAVE_21.02,PR
CEMAVE_21.02,RJ
CEMAVE_21.02,RS
CEMAVE_21.02,SC
CEMAVE_21.02,SP
CEMAVE_22.02,PR
CEMAVE_22.02,RS
CEMAVE_22.02,SC
CEMAVE_23.02,GO
CEMAVE_23.02,MG
CEMAVE_23.02,TO
CEMAVE_24.01,AL
CEMAVE_24.01,AP
CEMAVE_24.01,BA
CEMAVE_24.01,CE
CEMAVE_24.01,ES
CEMAVE_24.01,MA
CEMAVE_24.01,PA
CEMAVE_24.01,PB
CEMAVE_24.01,PR
CEMAVE_24.01,PE
CEMAVE_24.01,PI
CEMAVE_24.01,RJ
CEMAVE_24.01,RN
CEMAVE_24.01,RS
CEMAVE_24.01,SC
CEMAVE_24.01,SP
CEMAVE_24.01,SE
CEMAVE_25.02,AL
CEMAVE_25.02,BA
CEMAVE_25.02,CE
CEMAVE_25.02,PB
CEMAVE_25.02,PE
CEMAVE_25.02,PI
CEMAVE_25.02,RN
CEMAVE_25.02,MG
CEMAVE_25.02,SE
CEMAVE_25.02,MA
CEMAVE_26.03,PR
CEMAVE_26.03,RJ
CEMAVE_26.03,RS
CEMAVE_26.03,SC
CEMAVE_26.03,SP
CEMAVE_26.03,ES
CEMAVE_27.02,BA
CEMAVE_28.02,AP
CEMAVE_28.02,PA
CEMAVE_28.02,MA
CEMAVE_28.02,PI
CEMAVE_28.02,RN
CEMAVE_28.02,PB
CEMAVE_28.02,PE
CEMAVE_28.02,AL
CEMAVE_28.02,SE
CEMAVE_28.02,BA
CEMAVE_28.02,RJ
CEMAVE_28.02,SP
CEMAVE_28.02,PR
CEMAVE_28.02,SC
CEMAVE_28.02,RS
CEMAVE_28.02,MT
CEMAVE_28.02,MS
CEMAVE_28.02,RO
CEMAVE_28.02,RR
CEMAVE_28.02,AM
CEMAVE_29.02,MG
CEMAVE_29.02,TO
CEMAVE_29.02,GO
CEMAVE_30.02,AC
CEMAVE_30.02,AP
CEMAVE_30.02,AM
CEMAVE_30.02,MT
CEMAVE_30.02,PA
CEMAVE_30.02,RO
CEMAVE_30.02,RR
CEMAVE_30.02,TO
CEMAVE_31.02,AL
CEMAVE_31.02,BA
CEMAVE_31.02,DF
CEMAVE_31.02,ES
CEMAVE_31.02,CE
CEMAVE_31.02,GO
CEMAVE_31.02,MS
CEMAVE_31.02,MG
CEMAVE_31.02,PB
CEMAVE_31.02,PE
CEMAVE_31.02,PI
CEMAVE_31.02,RJ
CEMAVE_31.02,RN
CEMAVE_31.02,RS
CEMAVE_31.02,SC
CEMAVE_31.02,SP
CEMAVE_31.02,SE
CEMAVE_32.03,PR
CEMAVE_32.03,RS
CEMAVE_32.03,SC
CEMAVE_33.03,AL
CEMAVE_33.03,BA
CEMAVE_33.03,CE
CEMAVE_33.03,PB
CEMAVE_33.03,PE
CEMAVE_33.03,PI
CEMAVE_33.03,RN
CEMAVE_33.03,MG
CEMAVE_33.03,SE
CEMAVE_33.03,MA
CEMAVE_34.02,AL
CEMAVE_34.02,AP
CEMAVE_34.02,BA
CEMAVE_34.02,CE
CEMAVE_34.02,ES
CEMAVE_34.02,MA
CEMAVE_34.02,PA
CEMAVE_34.02,PB
CEMAVE_34.02,PR
CEMAVE_34.02,PE
CEMAVE_34.02,PI
CEMAVE_34.02,RJ
CEMAVE_34.02,RN
CEMAVE_34.02,RS
CEMAVE_34.02,SC
CEMAVE_34.02,SP
CEMAVE_34.02,SE
CENAP_08.02,AM
CENAP_08.02,AP
CENAP_08.02,MT
CENAP_08.02,MS
CENAP_08.02,PA
CENAP_08.02,RO
CENAP_08.02,TO
CENAP_09.01,AC
CENAP_09.01,AP
CENAP_09.01,AM
CENAP_09.01,BA
CENAP_09.01,CE
CENAP_09.01,DF
CENAP_09.01,ES
CENAP_09.01,GO
CENAP_09.01,MA
CENAP_09.01,MT
CENAP_09.01,MS
CENAP_09.01,MG
CENAP_09.01,PA
CENAP_09.01,PR
CENAP_09.01,PI
CENAP_09.01,RJ
CENAP_09.01,RN
CENAP_09.01,RS
CENAP_09.01,RO
CENAP_09.01,RR
CENAP_09.01,SC
CENAP_09.01,SP
CENAP_09.01,TO
CENAP_09.01,SE
CENAP_09.01,PE
CENAP_09.01,PB
CENAP_10.01,AC
CENAP_10.01,AL
CENAP_10.01,AP
CENAP_10.01,AM
CENAP_10.01,BA
CENAP_10.01,DF
CENAP_10.01,ES
CENAP_10.01,GO
CENAP_10.01,MA
CENAP_10.01,MT
CENAP_10.01,MS
CENAP_10.01,MG
CENAP_10.01,PA
CENAP_10.01,PI
CENAP_10.01,RJ
CENAP_10.01,RO
CENAP_10.01,RS
CENAP_10.01,RR
CENAP_10.01,SC
CENAP_10.01,SP
CENAP_10.01,SE
CENAP_10.01,TO
CENAP_11.01,AC
CENAP_11.01,AP
CENAP_11.01,AM
CENAP_11.01,BA
CENAP_11.01,ES
CENAP_11.01,GO
CENAP_11.01,DF
CENAP_11.01,MA
CENAP_11.01,MT
CENAP_11.01,MS
CENAP_11.01,MG
CENAP_11.01,PA
CENAP_11.01,PR
CENAP_11.01,PI
CENAP_11.01,RJ
CENAP_11.01,RS
CENAP_11.01,RO
CENAP_11.01,RR
CENAP_11.01,SC
CENAP_11.01,SP
CENAP_11.01,TO
CENAP_12.02,AC
CENAP_12.02,AL
CENAP_12.02,AP
CENAP_12.02,AM
CENAP_12.02,BA
CENAP_12.02,CE
CENAP_12.02,ES
CENAP_12.02,DF
CENAP_12.02,GO
CENAP_12.02,MA
CENAP_12.02,MT
CENAP_12.02,MS
CENAP_12.02,MG
CENAP_12.02,PA
CENAP_12.02,PB
CENAP_12.02,PE
CENAP_12.02,PI
CENAP_12.02,RJ
CENAP_12.02,RN
CENAP_12.02,RS
CENAP_12.02,RO
CENAP_12.02,RR
CENAP_12.02,SC
CENAP_12.02,SP
CENAP_12.02,SE
CENAP_12.02,TO
CENAP_13.01,AL
CENAP_13.01,BA
CENAP_13.01,CE
CENAP_13.01,DF
CENAP_13.01,MA
CENAP_13.01,GO
CENAP_13.01,MT
CENAP_13.01,MS
CENAP_13.01,MG
CENAP_13.01,PB
CENAP_13.01,PE
CENAP_13.01,PI
CENAP_13.01,RS
CENAP_13.01,SC
CENAP_13.01,SP
CENAP_13.01,SE
CENAP_13.01,TO
CENAP_14.01,AC
CENAP_14.01,AL
CENAP_14.01,BA
CENAP_14.01,DF
CENAP_14.01,ES
CENAP_14.01,MG
CENAP_14.01,MT
CENAP_14.01,PB
CENAP_14.01,PE
CENAP_14.01,RJ
CENAP_14.01,SP
CENAP_14.01,SE
CENAP_14.01,SC
CENAP_14.01,RO
CEPAM_02.01,AM
CEPAM_02.01,PA
CEPAM_02.01,RR
CEPAM_02.01,AP
CEPAM_02.01,MT
CEPENE_01.01,AL
CEPENE_01.01,PE
CEPENE_01.01,AP
CEPENE_01.01,MA
CEPENE_01.01,PA
CEPENE_01.01,PB
CEPENE_01.01,PI
CEPENE_01.01,CE
CEPENE_01.01,RN
CEPSUL_02.01,AL
CEPSUL_02.01,CE
CEPSUL_02.01,BA
CEPSUL_02.01,ES
CEPSUL_02.01,MA
CEPSUL_02.01,PA
CEPSUL_02.01,PB
CEPSUL_02.01,PR
CEPSUL_02.01,PI
CEPSUL_02.01,PE
CEPSUL_02.01,RJ
CEPSUL_02.01,RN
CEPSUL_02.01,RS
CEPSUL_02.01,SC
CEPSUL_02.01,SP
CEPSUL_02.01,SE
CEPSUL_03.01,SC
CEPSUL_03.01,RS
CEPSUL_04.02,AP
CEPSUL_04.02,BA
CEPSUL_04.02,CE
CEPSUL_04.02,ES
CEPSUL_04.02,MA
CEPSUL_04.02,PA
CEPSUL_04.02,PB
CEPSUL_04.02,PR
CEPSUL_04.02,PE
CEPSUL_04.02,PI
CEPSUL_04.02,RJ
CEPSUL_04.02,RN
CEPSUL_04.02,RS
CEPSUL_04.02,SC
CEPSUL_04.02,SP
CEPSUL_04.02,SE
CEPTA_01.01,MG
CEPTA_01.01,SP
CEPTA_01.01,RJ
CEPTA_05.01,PR
CEPTA_06.01,BA
CEPTA_06.01,ES
CEPTA_06.01,MG
CEPTA_06.01,RJ
CEPTA_06.01,CE
CEPTA_06.01,SP
CEPTA_06.01,SC
CEPTA_06.01,RS
CEPTA_06.01,MS
CEPTA_06.01,PI
CEPTA_06.01,RN
CEPTA_06.01,PB
CEPTA_06.01,PE
CEPTA_06.01,AL
CEPTA_06.01,SE
CEPTA_06.01,PR
CEPTA_06.01,GO
CEPTA_07.02,SP
CEPTA_07.02,DF
CEPTA_07.02,MA
CEPTA_07.02,MS
CEPTA_07.02,PR
CEPTA_07.02,BA
CEPTA_07.02,CE
CEPTA_07.02,GO
CEPTA_07.02,ES
CEPTA_07.02,MT
CEPTA_07.02,MG
CEPTA_07.02,PA
CEPTA_07.02,RJ
CEPTA_07.02,PE
CEPTA_07.02,RS
CEPTA_07.02,TO
CEPTA_07.02,SC
CEPTA_08.02,AL
CEPTA_08.02,BA
CEPTA_08.02,DF
CEPTA_08.02,GO
CEPTA_08.02,SE
CEPTA_08.02,MG
CEPTA_08.02,PE
CEPTA_09.01,MG
CEPTA_09.01,SP
CEPTA_09.01,PR
CEPTA_09.01,MS
CEPTA_09.01,GO
CEPTA_09.01,DF
CEPTA_10.02,MG
CEPTA_10.02,SP
CEPTA_10.02,RJ
CMA_05.01,AC
CMA_05.01,AP
CMA_05.01,AM
CMA_05.01,GO
CMA_05.01,MA
CMA_05.01,MT
CMA_05.01,PA
CMA_05.01,RO
CMA_05.01,RR
CMA_05.01,TO
CMA_06.01,AP
CMA_06.01,AL
CMA_06.01,BA
CMA_06.01,CE
CMA_06.01,ES
CMA_06.01,MA
CMA_06.01,PA
CMA_06.01,PB
CMA_06.01,PR
CMA_06.01,PE
CMA_06.01,PI
CMA_06.01,RJ
CMA_06.01,RN
CMA_06.01,RS
CMA_06.01,SC
CMA_06.01,SP
CMA_06.01,SE
CMA_07.02,ES
CMA_07.02,PR
CMA_07.02,RJ
CMA_07.02,RS
CMA_07.02,SC
CMA_07.02,SP
CNPT_01.01,AL
CNPT_01.01,AP
CNPT_01.01,BA
CNPT_01.01,CE
CNPT_01.01,ES
CNPT_01.01,MA
CNPT_01.01,PA
CNPT_01.01,PB
CNPT_01.01,PR
CNPT_01.01,PE
CNPT_01.01,PI
CNPT_01.01,RJ
CNPT_01.01,RN
CNPT_01.01,SC
CNPT_01.01,SP
CNPT_01.01,SE
CPB_07.01,AC
CPB_07.01,AM
CPB_07.01,MA
CPB_07.01,MT
CPB_07.01,PA
CPB_07.01,RO
CPB_07.01,RR
CPB_07.01,TO
CPB_08.02,AL
CPB_08.02,BA
CPB_08.02,CE
CPB_08.02,MA
CPB_08.02,PB
CPB_08.02,PE
CPB_08.02,PI
CPB_08.02,RN
CPB_08.02,SE
CPB_09.02,AM
CPB_11.01,MT
CPB_11.01,MS
CPB_11.01,MG
CPB_11.01,RN
CPB_11.01,AC
CPB_11.01,AL
CPB_11.01,AP
CPB_11.01,AM
CPB_11.01,BA
CPB_11.01,CE
CPB_11.01,DF
CPB_11.01,ES
CPB_11.01,GO
CPB_11.01,MA
CPB_11.01,PA
CPB_11.01,PB
CPB_11.01,PR
CPB_11.01,PE
CPB_11.01,PI
CPB_11.01,RJ
CPB_11.01,RO
CPB_11.01,RR
CPB_11.01,SP
CPB_11.01,SE
CPB_11.01,TO
RAN_07.01,BA
RAN_07.01,GO
RAN_07.01,MT
RAN_07.01,MS
RAN_07.01,MG
RAN_07.01,PA
RAN_07.01,PI
RAN_07.01,PR
RAN_07.01,RO
RAN_07.01,SP
RAN_07.01,TO
RAN_07.01,MA
RAN_08.02,MG
RAN_09.02,PR
RAN_09.02,RS
RAN_09.02,SC
RAN_10.02,AL
RAN_10.02,BA
RAN_10.02,CE
RAN_10.02,MA
RAN_10.02,PB
RAN_10.02,PE
RAN_10.02,PI
RAN_10.02,RN
RAN_10.02,SE
RAN_11.02,MG
RAN_11.02,RJ
RAN_11.02,SP
RAN_11.02,ES
TAMAR_02.02,AL
TAMAR_02.02,AP
TAMAR_02.02,BA
TAMAR_02.02,CE
TAMAR_02.02,ES
TAMAR_02.02,MA
TAMAR_02.02,PA
TAMAR_02.02,PB
TAMAR_02.02,PR
TAMAR_02.02,PE
TAMAR_02.02,PI
TAMAR_02.02,RJ
TAMAR_02.02,RN
TAMAR_02.02,RS
TAMAR_02.02,SC
TAMAR_02.02,SE
TAMAR_03.03,AL
TAMAR_03.03,AP
TAMAR_03.03,BA
TAMAR_03.03,CE
TAMAR_03.03,ES
TAMAR_03.03,MA
TAMAR_03.03,PA
TAMAR_03.03,PB
TAMAR_03.03,PR
TAMAR_03.03,PE
TAMAR_03.03,PI
TAMAR_03.03,RJ
TAMAR_03.03,RN
TAMAR_03.03,RS
TAMAR_03.03,SC
TAMAR_03.03,SE
CENAP_15.03,MT
CENAP_15.03,MS
CENAP_15.03,GO
CENAP_15.03,TO
CENAP_15.03,SP
CENAP_15.03,PR
CENAP_15.03,MA
CEMAVE_36.04,PR
CEMAVE_36.04,RJ
CEMAVE_36.04,RS
CEMAVE_36.04,SC
CEMAVE_36.04,SP
CEMAVE_36.04,ES
CENAP_16.02,AC
CENAP_16.02,AP
CENAP_16.02,AM
CENAP_16.02,BA
CENAP_16.02,CE
CENAP_16.02,DF
CENAP_16.02,ES
CENAP_16.02,GO
CENAP_16.02,MA
CENAP_16.02,MT
CENAP_16.02,MS
CENAP_16.02,MG
CENAP_16.02,PA
CENAP_16.02,PR
CENAP_16.02,PI
CENAP_16.02,RJ
CENAP_16.02,RN
CENAP_16.02,RS
CENAP_16.02,RO
CENAP_16.02,RR
CENAP_16.02,SC
CENAP_16.02,SP
CENAP_16.02,TO
CENAP_16.02,SE
CENAP_16.02,PE
CENAP_16.02,PB
RAN_12.02,AM
RAN_12.02,DF
RAN_12.02,GO
RAN_12.02,MA
RAN_12.02,MG
RAN_12.02,MS
RAN_12.02,MT
RAN_12.02,PA
RAN_12.02,PI
RAN_12.02,RO
RAN_12.02,RR
RAN_12.02,SP
RAN_12.02,TO
CEPSUL_05.02,AL
CEPSUL_05.02,AP
CEPSUL_05.02,CE
CEPSUL_05.02,BA
CEPSUL_05.02,ES
CEPSUL_05.02,MA
CEPSUL_05.02,PA
CEPSUL_05.02,PB
CEPSUL_05.02,PR
CEPSUL_05.02,PE
CEPSUL_05.02,RJ
CEPSUL_05.02,RN
CEPSUL_05.02,RS
CEPSUL_05.02,SC
CEPSUL_05.02,SP
CEPSUL_05.02,SE
CPB_12.02,AC
CPB_12.02,AM
CPB_12.02,MA
CPB_12.02,MT
CPB_12.02,PA
CPB_12.02,RO
CPB_12.02,RR
CPB_12.02,TO
CPB_13.03,AL
CPB_13.03,BA
CPB_13.03,CE
CPB_13.03,MA
CPB_13.03,PB
CPB_13.03,PE
CPB_13.03,PI
CPB_13.03,RN
CPB_13.03,SE
CENAP_17.02,AC
CENAP_17.02,AL
CENAP_17.02,AP
CENAP_17.02,AM
CENAP_17.02,BA
CENAP_17.02,DF
CENAP_17.02,ES
CENAP_17.02,GO
CENAP_17.02,MA
CENAP_17.02,MT
CENAP_17.02,MS
CENAP_17.02,MG
CENAP_17.02,PA
CENAP_17.02,PI
CENAP_17.02,RJ
CENAP_17.02,RO
CENAP_17.02,RS
CENAP_17.02,RR
CENAP_17.02,SC
CENAP_17.02,SP
CENAP_17.02,SE
CENAP_17.02,TO
CEPTA_11.02,PR
CEPTA_11.02,SC
CPB_15.02,BA
CPB_15.02,MG
CPB_15.02,SP
CPB_15.02,PR
CPB_15.02,SC
CPB_15.02,RS
CPB_15.02,ES
CPB_15.02,RJ
CPB_14.03,AM
