pais,estado_provincia,continente
Brazil,Bahia,SOUTH_AMERICA
Brazil,Bahia,
Brazil,Goiás,SOUTH_AMERICA
Brazil,Santa Catarina,SOUTH_AMERICA
Brazil,Rio Grande do Sul,SOUTH_AMERICA
Brazil,Minas Gerais,SOUTH_AMERICA
Ecuador,Galápagos,SOUTH_AMERICA
Ecuador,Galápagos,
Mexico,Baja California Sur,NORTH_AMERICA
Mexico,Baja California Sur,
Mexico,,
Spain,Islas Canarias,AFRICA
Myanmar,Tanintharyi,ASIA
Angola,Luanda,AFRICA
Colombia,Valle del Cauca,SOUTH_AMERICA
Panama,,NORTH_AMERICA
Mexico,,NORTH_AMERICA
New Caledonia,,OCEANIA
Congo,,
Indonesia,Maluku,
Australia,,
South Africa,Western Cape,AFRICA
Malaysia,Sabah,ASIA
Côte d’Ivoire,Bas-Sassandra,AFRICA
Christmas Island,,ASIA
Costa Rica,Puntarenas,NORTH_AMERICA
Costa Rica,,NORTH_AMERICA
Nicaragua,Managua,
Angola,Luanda,
Costa Rica,Guanacaste,NORTH_AMERICA
Philippines,,ASIA
Singapore,North,ASIA
Solomon Islands,Western,OCEANIA
Ecuador,,SOUTH_AMERICA
Mexico,Baja California,NORTH_AMERICA
Philippines,,
Brazil,Rio de Janeiro,SOUTH_AMERICA
Brazil,,
Brazil,Pará,SOUTH_AMERICA
French Guiana,Saint-Laurent-du-Maroni,SOUTH_AMERICA
French Guiana,,SOUTH_AMERICA
French Guiana,Cayenne,SOUTH_AMERICA
Brazil,Amapá,SOUTH_AMERICA
Trinidad and Tobago,Trinidad,SOUTH_AMERICA
French Guiana,Guyane française,SOUTH_AMERICA
Brazil,Maranhão,SOUTH_AMERICA
Suriname,,
Suriname,Paramaribo,SOUTH_AMERICA
Guyana,,SOUTH_AMERICA
French Guiana,guyane française,SOUTH_AMERICA
Argentina,Santa Fe,SOUTH_AMERICA
Argentina,Entre Ríos,SOUTH_AMERICA
Argentina,Buenos Aires,SOUTH_AMERICA
Brazil,Mato Grosso,SOUTH_AMERICA
Argentina,Misiones,SOUTH_AMERICA
Argentina,Ciudad de Buenos Aires,SOUTH_AMERICA
Uruguay,Colonia,SOUTH_AMERICA
Paraguay,Ñeembucú,SOUTH_AMERICA
Argentina,Corrientes,SOUTH_AMERICA
Argentina,Formosa,SOUTH_AMERICA
Brazil,Espírito Santo,SOUTH_AMERICA
Brazil,Paraná,SOUTH_AMERICA
Brazil,Amazonas,SOUTH_AMERICA
Costa Rica,Alajuela,NORTH_AMERICA
Peru,San Martín,SOUTH_AMERICA
Costa Rica,Limón,NORTH_AMERICA
Costa Rica,Heredia,NORTH_AMERICA
Panama,Panamá,NORTH_AMERICA
Brazil,Ceará,SOUTH_AMERICA
Brazil,Mato Grosso do Sul,SOUTH_AMERICA
Colombia,Vaupés,SOUTH_AMERICA
Panama,Darién,NORTH_AMERICA
Ecuador,Orellana,SOUTH_AMERICA
Suriname,Commewijne,SOUTH_AMERICA
Costa Rica,Cartago,NORTH_AMERICA
Suriname,Sipaliwini,SOUTH_AMERICA
Panama,Ngöbe Buglé,NORTH_AMERICA
Peru,Loreto,SOUTH_AMERICA
Guyana,Upper Takutu-Upper Essequibo,SOUTH_AMERICA
Suriname,Brokopondo,SOUTH_AMERICA
Brazil,São Paulo,SOUTH_AMERICA
Bolivia (Plurinational State of),Beni,SOUTH_AMERICA
Paraguay,Misiones,SOUTH_AMERICA
Argentina,Chaco,SOUTH_AMERICA
Paraguay,Cordillera,SOUTH_AMERICA
Paraguay,Itapúa,SOUTH_AMERICA
Bolivia (Plurinational State of),Santa Cruz,SOUTH_AMERICA
Brazil,Alagoas,SOUTH_AMERICA
Brazil,Sergipe,SOUTH_AMERICA
Brazil,Pernambuco,SOUTH_AMERICA
United States of America,Maryland,NORTH_AMERICA
Israel,Haifa,ASIA
Spain,Región de Murcia,EUROPE
Spain,Región de Murcia,
United States of America,North Carolina,NORTH_AMERICA
Spain,Islas Canarias,
Spain,Comunidad Valenciana,EUROPE
Spain,Cataluña,EUROPE
Israel,,ASIA
Spain,Comunidad Valenciana,
Spain,Islas Baleares,EUROPE
United States of America,New Jersey,NORTH_AMERICA
United States of America,Virginia,NORTH_AMERICA
Israel,Haifa,
United States of America,North Carolina,
United States of America,Florida,NORTH_AMERICA
Brazil,Ba,
Brazil,Tocantins,SOUTH_AMERICA
Brazil,Pernambuco,
Ecuador,Zamora Chinchipe,SOUTH_AMERICA
Ecuador,Pastaza,SOUTH_AMERICA
Brazil,Rio Grande do Norte,SOUTH_AMERICA
Falkland Islands (Malvinas),,
South Georgia and the South Sandwich Islands,,
Antarctica,,
Argentina,,
French Southern Territories,Îles Crozet,ANTARCTICA
South Georgia and the South Sandwich Islands,,ANTARCTICA
Chile,,
Australia,Western Australia,OCEANIA
Australia,,OCEANIA
South Africa,,ANTARCTICA
South Africa,,
Falkland Islands (Malvinas),,SOUTH_AMERICA
French Southern Territories,Kerguelen,ANTARCTICA
Puerto Rico,Rincón,NORTH_AMERICA
Virgin Islands (U.S.),Saint John,NORTH_AMERICA
Guadeloupe,Basse-Terre,NORTH_AMERICA
Honduras,Islas de la Bahía,NORTH_AMERICA
Guadeloupe,Pointe-à-Pitre,NORTH_AMERICA
Martinique,Le Marin,NORTH_AMERICA
Curaçao,,SOUTH_AMERICA
Mexico,Quintana Roo,NORTH_AMERICA
Jamaica,Saint Ann,NORTH_AMERICA
Saint Vincent and the Grenadines,Grenadines,NORTH_AMERICA
"Bonaire, Sint Eustatius and Saba",Bonaire,SOUTH_AMERICA
Virgin Islands (U.S.),Saint Thomas,NORTH_AMERICA
Saint Vincent and the Grenadines,Grenadines,
Puerto Rico,Guánica,NORTH_AMERICA
Dominican Republic,La Altagracia,NORTH_AMERICA
Aruba,,SOUTH_AMERICA
Virgin Islands (U.S.),St. John,NORTH_AMERICA
Saint Lucia,Canaries,NORTH_AMERICA
Puerto Rico,Lajas,NORTH_AMERICA
Grenada,Saint George,NORTH_AMERICA
Cuba,Holguín,NORTH_AMERICA
Puerto Rico,Culebra,NORTH_AMERICA
Martinique,Saint-Pierre,NORTH_AMERICA
"Bonaire, Sint Eustatius and Saba",Saba,NORTH_AMERICA
Saint Lucia,Gros Islet,NORTH_AMERICA
Cayman Islands,George Town,NORTH_AMERICA
Dominica,Saint Luke,NORTH_AMERICA
Virgin Islands (U.S.),St. Croix,NORTH_AMERICA
Grenada,Carriacou,NORTH_AMERICA
Cayman Islands,Cayman Brac,NORTH_AMERICA
United States of America,,
Bahamas,New Providence,NORTH_AMERICA
Belize,Stann Creek,NORTH_AMERICA
Antigua and Barbuda,Saint Paul,NORTH_AMERICA
Cuba,Camagüey,NORTH_AMERICA
Saint Vincent and the Grenadines,Saint George,NORTH_AMERICA
Brazil,Rondônia,SOUTH_AMERICA
Iceland,Pará,SOUTH_AMERICA
Iceland,Minas Gerais,SOUTH_AMERICA
"Bonaire, Sint Eustatius and Saba",Bonaire,
Trinidad and Tobago,Diego Martin,SOUTH_AMERICA
Puerto Rico,Fajardo,NORTH_AMERICA
Bahamas,East Grand Bahama,NORTH_AMERICA
Panama,Bocas del Toro,NORTH_AMERICA
Cayman Islands,West Bay,NORTH_AMERICA
Mexico,Quintana Roo,
Honduras,Islas de la Bahía,
Cayman Islands,West Bay,
Trinidad and Tobago,Mayaro/Rio Claro,SOUTH_AMERICA
Turks and Caicos Islands,South Caicos and East Caicos,NORTH_AMERICA
Bahamas,,
United States of America,,NORTH_AMERICA
Turks and Caicos Islands,Providenciales and West Caicos,NORTH_AMERICA
Bahamas,New Providence,
Cuba,Camagüey,
Bahamas,North Andros,NORTH_AMERICA
Bahamas,West Grand Bahama,NORTH_AMERICA
Honduras,Cortés,NORTH_AMERICA
Belize,Corozal,NORTH_AMERICA
Turks and Caicos Islands,,NORTH_AMERICA
Côte d’Ivoire,Abidjan,AFRICA
Bahamas,South Eleuthera,NORTH_AMERICA
Bahamas,Hope Town,NORTH_AMERICA
United States of America,Florida,
Colombia,La Guajira,SOUTH_AMERICA
Brazil,,SOUTH_AMERICA
Brazil,Piauí,SOUTH_AMERICA
Brazil,Piaui,SOUTH_AMERICA
Mexico,Veracruz,NORTH_AMERICA
Jamaica,Saint Elizabeth,NORTH_AMERICA
French Guiana,,
Colombia,La Guajira,
Trinidad and Tobago,Couva-Tabaquite-Talparo,
Trinidad and Tobago,San Juan-Laventille,SOUTH_AMERICA
Mexico,Campeche,NORTH_AMERICA
Trinidad and Tobago,Couva-Tabaquite-Talparo,SOUTH_AMERICA
Trinidad and Tobago,,
Mexico,Tamaulipas,NORTH_AMERICA
Brazil,Amapá,
Colombia,"Archipiélago de San Andrés, Providencia y Santa Catalina",
Colombia,Magdalena,
Brazil,Estado de Sao Paulo,SOUTH_AMERICA
Venezuela (Bolivarian Republic of),,SOUTH_AMERICA
Brazil,Paraíba,SOUTH_AMERICA
Colombia,,SOUTH_AMERICA
Colombia,,
Venezuela (Bolivarian Republic of),Nueva Esparta,SOUTH_AMERICA
Puerto Rico,San Juan,NORTH_AMERICA
Brazil,Amapa,
Brazil,Maranhão,
Brazil,Para,
Guyana,,
Sweden,Västra Götaland,EUROPE
Sao Tome and Principe,São Tomé,AFRICA
Germany,Thüringen,EUROPE
Brazil,Sao Paulo,SOUTH_AMERICA
"Saint Helena, Ascension and Tristan da Cunha",Rondônia,SOUTH_AMERICA
Colombia,Bolívar,SOUTH_AMERICA
Brazil,Espírito Santo,
Dominican Republic,Monte Cristi,NORTH_AMERICA
Cayman Islands,East End,NORTH_AMERICA
Colombia,San Andrés y Providencia,NORTH_AMERICA
Cuba,Pinar del Río,NORTH_AMERICA
Belize,Belize,NORTH_AMERICA
Cayman Islands,North Side,NORTH_AMERICA
Martinique,Fort-de-France,NORTH_AMERICA
Jamaica,Hanover,NORTH_AMERICA
Bermuda,Saint George's,NORTH_AMERICA
Virgin Islands (U.S.),St. Thomas,NORTH_AMERICA
Panama,Kuna Yala,NORTH_AMERICA
Brazil,Distrito Federal,SOUTH_AMERICA
Paraguay,Asunción,SOUTH_AMERICA
Paraguay,Alto Paraguay,SOUTH_AMERICA
Paraguay,Boquerón,SOUTH_AMERICA
Paraguay,Presidente Hayes,SOUTH_AMERICA
Bolivia (Plurinational State of),Alto Paraguay,SOUTH_AMERICA
Paraguay,Caaguazú,SOUTH_AMERICA
Paraguay,Alto Paraná,SOUTH_AMERICA
Ecuador,Esmeraldas,SOUTH_AMERICA
Uruguay,Rocha,SOUTH_AMERICA
Argentina,Buenos Aires,
Argentina,Río Negro,SOUTH_AMERICA
Uruguay,,
Argentina,,SOUTH_AMERICA
South Africa,Eastern Cape,AFRICA
New Caledonia,Nord,OCEANIA
Australia,New South Wales,OCEANIA
Australia,Western Australia,
Puerto Rico,Isabela,NORTH_AMERICA
Portugal,Madeira,AFRICA
Portugal,Madeira,EUROPE
Portugal,Azores,EUROPE
Martinique,Le Trinité,NORTH_AMERICA
Portugal,Azores,
United States of America,Massachusetts,NORTH_AMERICA
"Tanzania, United Republic of",Tanga,AFRICA
United Kingdom of Great Britain and Northern Ireland,England,EUROPE
United States of America,Illinois,NORTH_AMERICA
Puerto Rico,Arecibo,NORTH_AMERICA
Hong Kong,Islands,ASIA
China,Fujian,ASIA
China,Guangdong,ASIA
United States of America,Massachusetts,
Portugal,Madeira,
France,Bretagne,EUROPE
United States of America,New York,NORTH_AMERICA
Bahamas,Crooked Island,NORTH_AMERICA
Ireland,Dublin,EUROPE
United States of America,New Hampshire,NORTH_AMERICA
Ecuador,Sucumbios,SOUTH_AMERICA
Venezuela (Bolivarian Republic of),Vichada,SOUTH_AMERICA
Ecuador,Napo,SOUTH_AMERICA
Brazil,Roraima,SOUTH_AMERICA
Canada,,NORTH_AMERICA
Canada,,
Argentina,La Pampa,SOUTH_AMERICA
Argentina,San Luis,SOUTH_AMERICA
Argentina,Córdoba,SOUTH_AMERICA
Uruguay,Flores,SOUTH_AMERICA
Uruguay,Montevideo,SOUTH_AMERICA
Uruguay,Florida,SOUTH_AMERICA
Uruguay,Maldonado,SOUTH_AMERICA
Uruguay,Tacuarembó,SOUTH_AMERICA
Brazil,Misiones,SOUTH_AMERICA
Guatemala,Petén,NORTH_AMERICA
Ecuador,Pichincha,SOUTH_AMERICA
Colombia,Caldas,SOUTH_AMERICA
Argentina,Jujuy,SOUTH_AMERICA
Colombia,Cundinamarca,SOUTH_AMERICA
Colombia,Risaralda,SOUTH_AMERICA
Peru,Madre de Dios,SOUTH_AMERICA
Paraguay,Concepción,SOUTH_AMERICA
Honduras,Intibucá,NORTH_AMERICA
Colombia,Cesar,SOUTH_AMERICA
Mexico,Chiapas,NORTH_AMERICA
Argentina,Catamarca,SOUTH_AMERICA
Argentina,Salta,SOUTH_AMERICA
Jersey,Saint Martin,EUROPE
Jersey,,EUROPE
Uruguay,,SOUTH_AMERICA
Brazil,Rio Grande do Sul,
Costa Rica,Puntarenas,
Brazil,Rio Grande do Norte,
United States of America,,OCEANIA
United States of America,Hawaii,
United States of America,Hawaii,OCEANIA
Mexico,Colima,NORTH_AMERICA
Mexico,Colima,
Argentina,Chubut,SOUTH_AMERICA
Argentina,Tierra del Fuego,SOUTH_AMERICA
Uruguay,Canelones,SOUTH_AMERICA
Uruguay,San José,SOUTH_AMERICA
New Zealand,Southern Islands,OCEANIA
New Zealand,Southland,OCEANIA
New Zealand,Canterbury,OCEANIA
New Zealand,Otago,OCEANIA
New Zealand,,OCEANIA
New Zealand,,
Chile,Magallanes y Antártica Chilena,
Australia,Tasmania,OCEANIA
Brazil,Pará,
Brazil,Amazonas,
Nicaragua,Río San Juan,SOUTH_AMERICA
Puerto Rico,Maunabo,NORTH_AMERICA
United States of America,California,NORTH_AMERICA
Puerto Rico,Loíza,NORTH_AMERICA
United States of America,Texas,NORTH_AMERICA
United States of America,Georgia,NORTH_AMERICA
United States of America,Louisiana,NORTH_AMERICA
Honduras,Atlántida,NORTH_AMERICA
Bahamas,North Eleuthera,NORTH_AMERICA
Mexico,Sinaloa,NORTH_AMERICA
Jamaica,Kingston,NORTH_AMERICA
United States of America,Mississippi,NORTH_AMERICA
Colombia,Chocó,SOUTH_AMERICA
Mexico,Yucatán,
Argentina,Paraná,SOUTH_AMERICA
Argentina,Misiones,
Brazil,Sao Paulo,
Greece,"Peloponnese, Western Greece and",EUROPE
Mozambique,Maputo,AFRICA
New Caledonia,Sud,OCEANIA
South Africa,Western Cape,
Australia,Queensland,OCEANIA
United States of America,Texas,
Spain,,
France,Poitou-Charentes,EUROPE
Italy,Campania,EUROPE
South Africa,KwaZulu-Natal,AFRICA
Italy,Emilia-Romagna,EUROPE
Albania,Durrës,EUROPE
Netherlands,Noord-Holland,EUROPE
Netherlands,Friesland,EUROPE
Greece,Aegean,ASIA
Oman,,ASIA
Oman,Dhofar,ASIA
Italy,Apulia,EUROPE
Mali,Timbuktu,AFRICA
Mali,,AFRICA
Oman,Al Wusta,ASIA
Türkiye,Izmir,ASIA
Spain,Las Palmas,
Israel,HaZafon,ASIA
Spain,Andalucía,EUROPE
Japan,Miyazaki,ASIA
Albania,Tiranë,EUROPE
Mali,Mopti,AFRICA
Maldives,,ASIA
Indonesia,Jawa Barat,ASIA
Thailand,Rayong,ASIA
United States of America,Alabama,NORTH_AMERICA
United States of America,South Carolina,NORTH_AMERICA
Honduras,Gracias a Dios,NORTH_AMERICA
Mexico,Yucatán,NORTH_AMERICA
Viet Nam,Bà Rịa - Vũng Tàu,ASIA
Mexico,Ca,
Mexico,Campeche,
Colombia,Antioquia,SOUTH_AMERICA
Mexico,Sonora,NORTH_AMERICA
unknown or invalid,,
Panama,Herrera,NORTH_AMERICA
Mexico,Baja california sur,NORTH_AMERICA
Venezuela (Bolivarian Republic of),,
Brazil,Ampa,
Guyana,Mahaica-Berbice,SOUTH_AMERICA
Suriname,Commewijne District,
Mexico,Oaxaca,NORTH_AMERICA
Honduras,Comayagua,NORTH_AMERICA
Costa Rica,San José,NORTH_AMERICA
Panama,Colón,NORTH_AMERICA
Nicaragua,Jinotega,NORTH_AMERICA
Colombia,Putumayo,SOUTH_AMERICA
Belize,Cayo,NORTH_AMERICA
Uruguay,Cerro Largo,SOUTH_AMERICA
Dominican Republic,,
Cuba,,
Grenada,Saint Patrick,NORTH_AMERICA
Grenada,,
Trinidad and Tobago,Tobago,SOUTH_AMERICA
Costa Rica,,
Costa Rica,Limón,
Guyana,Potaro-Siparuni,SOUTH_AMERICA
Guyana,Nickerie,SOUTH_AMERICA
Peru,Cusco,SOUTH_AMERICA
Guyana,Cuyuni-Mazaruni,SOUTH_AMERICA
Venezuela (Bolivarian Republic of),Amazonas,SOUTH_AMERICA
Chile,Coquimbo,SOUTH_AMERICA
Argentina,Mendoza,SOUTH_AMERICA
Chile,Magallanes y Antártica Chilena,SOUTH_AMERICA
Chile,Santiago Metropolitan,SOUTH_AMERICA
Chile,Valparaíso,SOUTH_AMERICA
Ecuador,Chimborazo,SOUTH_AMERICA
Argentina,Santa Cruz,SOUTH_AMERICA
Argentina,Neuquén,SOUTH_AMERICA
Peru,Puno,SOUTH_AMERICA
Ecuador,Imbabura,SOUTH_AMERICA
Chile,Libertador General Bernardo O'Hi,SOUTH_AMERICA
Bolivia (Plurinational State of),La Paz,SOUTH_AMERICA
Chile,Los Ríos,SOUTH_AMERICA
Chile,Los Lagos,SOUTH_AMERICA
Argentina,San Juan,SOUTH_AMERICA
Uruguay,Paysandú,SOUTH_AMERICA
Uruguay,Artigas,SOUTH_AMERICA
Uruguay,Rivera,SOUTH_AMERICA
Uruguay,Salto,SOUTH_AMERICA
Uruguay,Río Negro,SOUTH_AMERICA
Brazil,Rio de Janeiro State,SOUTH_AMERICA
Bahamas,Cat Island,NORTH_AMERICA
Egypt,Al Bahr al Ahmar,AFRICA
Egypt,,
Niue,,OCEANIA
Cayman Islands,,
French Polynesia,,
Egypt,,AFRICA
"Tanzania, United Republic of",Mtwara,AFRICA
Sudan,,AFRICA
Saudi Arabia,,
Cuba,Ciego de Ávila,NORTH_AMERICA
Venezuela (Bolivarian Republic of),Falcón,SOUTH_AMERICA
Saint Kitts and Nevis,Saint Thomas Lowland,NORTH_AMERICA
Cuba,Matanzas,NORTH_AMERICA
Cuba,Guantánamo,NORTH_AMERICA
Saint Kitts and Nevis,Saint John Figtree,NORTH_AMERICA
Bermuda,Devonshire,NORTH_AMERICA
Bermuda,Hamilton,NORTH_AMERICA
Bermuda,Smiths,NORTH_AMERICA
United States of America,Florida (FL),NORTH_AMERICA
Brazil,Itapúa,SOUTH_AMERICA
Colombia,Amazonas,SOUTH_AMERICA
Colombia,Loreto,SOUTH_AMERICA
Colombia,Meta,SOUTH_AMERICA
Peru,Ucayali,SOUTH_AMERICA
United States of America,Delaware,NORTH_AMERICA
United States of America,Rhode Island,NORTH_AMERICA
United States of America,New Jersey,
Brazil,Acre,SOUTH_AMERICA
Colombia,Arauca,SOUTH_AMERICA
Panama,Coclé,NORTH_AMERICA
Colombia,Magdalena,SOUTH_AMERICA
Colombia,Santander,SOUTH_AMERICA
Trinidad and Tobago,Sangre Grande,SOUTH_AMERICA
Trinidad and Tobago,,SOUTH_AMERICA
Trinidad and Tobago,Trinidad,
Cambodia,,
Mexico,Guerrero,NORTH_AMERICA
Panama,Panamá Oeste,NORTH_AMERICA
United States of America,Mississippi,
Senegal,,AFRICA
Mexico,Baja California Norte,NORTH_AMERICA
Mexico,Nayarit,NORTH_AMERICA
Mozambique,,
Venezuela (Bolivarian Republic of),Carabobo,SOUTH_AMERICA
"Tanzania, United Republic of",Lindi,AFRICA
Mexico,baie de californie,
France,Provence-Alpes-Côte d'Azur,EUROPE
Indonesia,,ASIA
South Africa,,AFRICA
United States of America,New York,
Paraguay,Paraguarí,SOUTH_AMERICA
Israel,,
Australia,Victoria,OCEANIA
Australia,South Australia,OCEANIA
Norfolk Island,Norfolk Island,OCEANIA
New Zealand,Northland,OCEANIA
Chinese Taipei,Kaohsiung,ASIA
Japan,,
India,Andaman and Nicobar,ASIA
Mauritius,,
New Zealand,Canterbury,
Oman,Dhofar,
New Zealand,Chatham Islands,OCEANIA
New Zealand,Nelson,
United States of America,Oregon,NORTH_AMERICA
Denmark,Nordjylland,EUROPE
Norway,,
Dominica,,
Norway,,EUROPE
Portugal,,
Antarctica,,ANTARCTICA
Denmark,,EUROPE
Denmark,Syddanmark,EUROPE
United Kingdom of Great Britain and Northern Ireland,England,
Norway,Norskekysten hav N,
Guam,Yona,OCEANIA
Germany,Schleswig-Holstein,
Japan,,ASIA
Dominica,Saint Peter,
Portugal,,AFRICA
Martinique,,
Chile,,SOUTH_AMERICA
Palau,Koror,OCEANIA
Sao Tome and Principe,Príncipe,AFRICA
Puerto Rico,Quebradillas,NORTH_AMERICA
Cayman Islands,Cayman Brac,
Seychelles,Port Glaud,AFRICA
Seychelles,La Digue and Inner Islands,AFRICA
Mauritius,Rivière du Rempart,AFRICA
Réunion,Saint-Pierre,AFRICA
French Polynesia,Îles du Vent,OCEANIA
Mauritius,Moka,AFRICA
Puerto Rico,,
Turks and Caicos Islands,Grand Turk,NORTH_AMERICA
Jamaica,Saint Thomas,NORTH_AMERICA
Bermuda,Paget,NORTH_AMERICA
Mayotte,Pamandzi,AFRICA
Indonesia,Bali,ASIA
Seychelles,Cascade,AFRICA
American Samoa,Manu'a,OCEANIA
Bahamas,Exuma,NORTH_AMERICA
Bermuda,Southampton,NORTH_AMERICA
Mayotte,Dembeni,AFRICA
Réunion,Saint-Denis,AFRICA
Northern Mariana Islands,Rota,OCEANIA
Madagascar,Diana,AFRICA
Paraguay,Canindeyú,SOUTH_AMERICA
Chile,Araucanía,SOUTH_AMERICA
"Saint Helena, Ascension and Tristan da Cunha",Ascension,AFRICA
"Saint Helena, Ascension and Tristan da Cunha",Ascension,ANTARCTICA
"Saint Helena, Ascension and Tristan da Cunha",,AFRICA
Puerto Rico,Vieques,NORTH_AMERICA
Saint Barthélemy,Sous le Vent,NORTH_AMERICA
Saint Martin (French part),,NORTH_AMERICA
Virgin Islands (U.S.),St. Thomas,
Virgin Islands (U.S.),Saint Croix,NORTH_AMERICA
Dominican Republic,Samaná,NORTH_AMERICA
Bahamas,San Salvador,NORTH_AMERICA
Saint Kitts and Nevis,Saint James Windward,NORTH_AMERICA
Bahamas,Biminis,NORTH_AMERICA
Sint Maarten (Dutch part),,NORTH_AMERICA
Saint Barthélemy,Au Vent,NORTH_AMERICA
Cayman Islands,Sister Islands,NORTH_AMERICA
Puerto Rico,San Sebastián,NORTH_AMERICA
Virgin Islands (British),Tortola,NORTH_AMERICA
Cayman Islands,Little Cayman,NORTH_AMERICA
Saint Kitts and Nevis,Trinity Palmetto Point,NORTH_AMERICA
Brazil,Sp,SOUTH_AMERICA
Colombia,Caquetá,SOUTH_AMERICA
French Guiana,Marowijne,SOUTH_AMERICA
Bolivia (Plurinational State of),Pando,SOUTH_AMERICA
Brazil,Alto Paraná,SOUTH_AMERICA
Brazil,Río de Janeiro,SOUTH_AMERICA
Colombia,Vichada,SOUTH_AMERICA
Colombia,Guaviare,SOUTH_AMERICA
Colombia,Nariño,SOUTH_AMERICA
Colombia,Cauca,SOUTH_AMERICA
Colombia,Guainía,SOUTH_AMERICA
Ecuador,Tungurahua,SOUTH_AMERICA
Ecuador,Morona Santiago,SOUTH_AMERICA
Iceland,Rio Grande do Norte,SOUTH_AMERICA
Brazil,Rio de Janeiro,
Brazil,São Paulo,
Nicaragua,Río San Juan,NORTH_AMERICA
Guatemala,Alta Verapaz,NORTH_AMERICA
Trinidad and Tobago,Tunapuna/Piarco,SOUTH_AMERICA
Guatemala,San Marcos,NORTH_AMERICA
Uruguay,Rocha,
Brazil,Sp,
Panama,,
Argentina,Río Negro,
Bahamas,Black Point,NORTH_AMERICA
Cabo Verde,Boa Vista,AFRICA
Nicaragua,Atlántico Sur,NORTH_AMERICA
"Bonaire, Sint Eustatius and Saba",Saba,SOUTH_AMERICA
Puerto Rico,Santa Isabel,NORTH_AMERICA
Brazil,Beni,SOUTH_AMERICA
Colombia,Casanare,SOUTH_AMERICA
Colombia,Boyacá,SOUTH_AMERICA
Venezuela (Bolivarian Republic of),Barinas,SOUTH_AMERICA
Venezuela (Bolivarian Republic of),Aragua,SOUTH_AMERICA
Venezuela (Bolivarian Republic of),Yaracuy,SOUTH_AMERICA
Colombia,Atlántico,SOUTH_AMERICA
Anguilla,,NORTH_AMERICA
Virgin Islands (British),Virgin Gorda,NORTH_AMERICA
Colombia,Córdoba,SOUTH_AMERICA
Argentina,Alto Paraná,SOUTH_AMERICA
Brazil,Santa Catarina,
Mexico,Jalisco,NORTH_AMERICA
Cabo Verde,Tarrafal de São Nicolau,
Australia,Victoria,
Cook Islands,,OCEANIA
Haiti,Sud,NORTH_AMERICA
Ecuador,Santa Elena,
Tuvalu,,
China,,
Bermuda,Hamilton Municipality,NORTH_AMERICA
Ecuador,,
Indonesia,Lampung,
Colombia,Valle del Cauca,
Cameroon,Sud,AFRICA
India,Tamil Nadu,ASIA
Colombia,Chocó,
Niue,,
Portugal,Região Autónoma dos Açores,
Kenya,Kilifi,AFRICA
Réunion,Saint-Benoît,
Indonesia,Lampung,ASIA
Costa Rica,Provincia Puntarenas,NORTH_AMERICA
Spain,Asturias,EUROPE
Portugal,Região Autónoma da Madeira,
Portugal,Região Autónoma da Madeira,AFRICA
Nicaragua,Granada,NORTH_AMERICA
Canada,British Columbia,NORTH_AMERICA
Curaçao,Curaçao,SOUTH_AMERICA
Colombia,Sucre,SOUTH_AMERICA
El Salvador,Usulután,NORTH_AMERICA
El Salvador,Ahuachapán,NORTH_AMERICA
Ecuador,Cotopaxi,SOUTH_AMERICA
Panama,Chiriquí,NORTH_AMERICA
United States of America,Tennessee,NORTH_AMERICA
Brazil,São Paulo State,SOUTH_AMERICA
Mexico,Nuevo León,NORTH_AMERICA
Brazil,Estado de Sao Paulo,
Norfolk Island,,OCEANIA
Chile,Valparaíso,OCEANIA
United States Minor Outlying Islands,Wake,
United States Minor Outlying Islands,Wake,OCEANIA
United States of America,Midway,OCEANIA
Micronesia (Federated States of),Yap,OCEANIA
Timor-Leste,Dili,ASIA
Guyana,East Berbice-Corentyne,SOUTH_AMERICA
Ecuador,Putumayo,SOUTH_AMERICA
Argentina,Santiago del Estero,SOUTH_AMERICA
Colombia,Apure,SOUTH_AMERICA
Ecuador,Nariño,SOUTH_AMERICA
Uruguay,Treinta y Tres,SOUTH_AMERICA
Uruguay,Lavalleja,SOUTH_AMERICA
Paraguay,Central,SOUTH_AMERICA
Argentina,Asunción,SOUTH_AMERICA
Colombia,Norte de Santander,SOUTH_AMERICA
Bahamas,Spanish Wells,NORTH_AMERICA
Bahamas,Berry Islands,NORTH_AMERICA
Dominican Republic,Hato Mayor,NORTH_AMERICA
Puerto Rico,Aguadilla,NORTH_AMERICA
Cuba,Isla de la Juventud,NORTH_AMERICA
Saint Kitts and Nevis,Saint George Basseterre,NORTH_AMERICA
Antigua and Barbuda,Saint Mary,NORTH_AMERICA
Brazil,Corrientes,SOUTH_AMERICA
Brazil,Aragua,SOUTH_AMERICA
Saudi Arabia,Makkah,ASIA
Costa Rica,Guanacaste,
Indonesia,Papua Barat,OCEANIA
New Zealand,Waikato,OCEANIA
Egypt,Al Bahr al Ahmar,
Panama,Veraguas,NORTH_AMERICA
Indonesia,Nusa Tenggara Timur,ASIA
Fiji,,
Timor-Leste,Bobonaro,ASIA
Myanmar,Tanintharyi,
Indonesia,,OCEANIA
Maldives,,
Israel,HaDarom,ASIA
Ecuador,Manabi,
Timor-Leste,,
Colombia,Amazonas,
Mexico,Guerrero,
Gabon,Estuaire,AFRICA
New Zealand,Bay of Plenty,OCEANIA
Canada,Nova Scotia,NORTH_AMERICA
Colombia,Emberá,SOUTH_AMERICA
Ecuador,Manabi,SOUTH_AMERICA
Venezuela (Bolivarian Republic of),Dependencias Federales,
Gambia,Ziguinchor,AFRICA
Suriname,Saint-Laurent-du-Maroni,SOUTH_AMERICA
Peru,Pasco,SOUTH_AMERICA
unknown or invalid,Vichada,SOUTH_AMERICA
Argentina,Rio Negro,
Guyana,Essequibo Islands-West Demerara,SOUTH_AMERICA
Puerto Rico,Río Grande,NORTH_AMERICA
Dominican Republic,Pedernales,NORTH_AMERICA
Ecuador,Azuay,SOUTH_AMERICA
Uruguay,Rio Grande do Sul,SOUTH_AMERICA
New Zealand,Auckland,OCEANIA
Peru,Lambayeque,SOUTH_AMERICA
Peru,,
Portugal,Faro,EUROPE
Ecuador,Santa Elena,SOUTH_AMERICA
Chinese Taipei,New Taipei,ASIA
Chile,Arica y Parinacota,SOUTH_AMERICA
Japan,Mie,ASIA
"Korea, Republic of",Gyeongsangnam-do,
Spain,,AFRICA
France,,
Malaysia,Sarawak,ASIA
New Zealand,Taranaki,OCEANIA
"Korea, Republic of",,
Morocco,Marrakech - Tensift - Al Haouz,AFRICA
Puerto Rico,Puerto Rico,
Puerto Rico,Puerto Rico,NORTH_AMERICA
Dominican Republic,Puerto Plata,NORTH_AMERICA
Puerto Rico,San Juan,
Paraguay,Mato Grosso do Sul,SOUTH_AMERICA
Cuba,,NORTH_AMERICA
Bahamas,,NORTH_AMERICA
United States of America,Kansas,NORTH_AMERICA
Trinidad and Tobago,Siparia,SOUTH_AMERICA
United States of America,Louisiana,
Honduras,,
Angola,,AFRICA
unknown or invalid,,NORTH_AMERICA
United States of America,Georgia,
Peru,Junín,SOUTH_AMERICA
Peru,Huánuco,SOUTH_AMERICA
Guyana,Roraima,SOUTH_AMERICA
Liberia,,
Paraguay,San Pedro,SOUTH_AMERICA
Brazil,Maranhao,
Iceland,Bahia,SOUTH_AMERICA
United Kingdom of Great Britain and Northern Ireland,Wales,EUROPE
Norway,Rogaland,EUROPE
Denmark,Sjælland,EUROPE
Denmark,Midtjylland,EUROPE
Sweden,Gotland,EUROPE
Bulgaria,Burgas,EUROPE
Namibia,Namibia,AFRICA
Namibia,Erongo,AFRICA
New Zealand,Tasman,OCEANIA
Russian Federation,Krasnodar,ASIA
Chinese Taipei,Tainan,ASIA
Netherlands,Zuid Hollandse Meren,EUROPE
Portugal,Leiria,EUROPE
United Kingdom of Great Britain and Northern Ireland,Scotland,EUROPE
Ireland,Sligo,EUROPE
Netherlands,Zeeland,EUROPE
Paraguay,Caazapá,SOUTH_AMERICA
India,Andhra Pradesh,ASIA
Myanmar,Ayeyarwady,ASIA
Australia,Northern Territory,OCEANIA
Fiji,Central,OCEANIA
Thailand,Chanthaburi,ASIA
Japan,Okinawa,
Bangladesh,Chittagong,ASIA
Brazil,Ceará,
Guadeloupe,,NORTH_AMERICA
South Africa,Northern Cape,AFRICA
Puerto Rico,Cabo Rojo,NORTH_AMERICA
Uruguay,Maldonado,
Aruba,Aruba,NORTH_AMERICA
Mexico,Yucatan (YU),NORTH_AMERICA
Puerto Rico,Cataño,NORTH_AMERICA
Puerto Rico,Mayagüez,NORTH_AMERICA
Dominican Republic,Azua,NORTH_AMERICA
Peru,,SOUTH_AMERICA
Ireland,Wicklow,EUROPE
India,Maharashtra,ASIA
Sweden,Norrbotten,EUROPE
Italy,Calabria,EUROPE
Finland,Western Finland,EUROPE
Sweden,Västmanland,EUROPE
Germany,Nordrhein-Westfalen,EUROPE
Germany,Baden-Württemberg,EUROPE
Finland,Southern Finland,EUROPE
Finland,Oulu,EUROPE
Finland,Varsinais-Suomi,EUROPE
Mexico,Michoacán,NORTH_AMERICA
Uruguay,Soriano,SOUTH_AMERICA
Mexico,México,NORTH_AMERICA
Honduras,Francisco Morazán,NORTH_AMERICA
Greece,Crete,EUROPE
United Kingdom of Great Britain and Northern Ireland,,
Norway,Møre og Romsdal,EUROPE
Italy,,EUROPE
France,,EUROPE
Norway,Nordland,EUROPE
Italy,,
Denmark,,
Sweden,Skåne,EUROPE
Australia,Nsw,
Australia,New South Wales,
Brazil,Paraíba,
Mexico,Sinaloa,
Peru,Ica,SOUTH_AMERICA
Brazil,Rio De Janeiro,SOUTH_AMERICA
South Africa,Eastern Cape,
"Korea, Republic of",Seoul,ASIA
Dominican Republic,Barahona,NORTH_AMERICA
Suriname,Para,SOUTH_AMERICA
Colombia,Huila,SOUTH_AMERICA
Nigeria,Akwa Ibom,AFRICA
Nigeria,Rivers,AFRICA
Nigeria,Delta,AFRICA
Germany,Berlin,EUROPE
Argentina,Chubut,
Puerto Rico,Ceiba,NORTH_AMERICA
Turks and Caicos Islands,North Caicos,NORTH_AMERICA
Nicaragua,Atlántico Sur,
Timor-Leste,Lautém,ASIA
French Polynesia,Îles Tuamotu-Gambier,OCEANIA
Fiji,Western,
French Polynesia,Îles Tuamotu-Gambier,
Thailand,Phrae,ASIA
India,Kerala,ASIA
Sri Lanka,Matara,ASIA
Madagascar,Toamasina,AFRICA
Thailand,Chiang Mai,ASIA
Senegal,Saint-Louis,AFRICA
Madagascar,Fianarantsoa,AFRICA
Botswana,North-West,AFRICA
Madagascar,Antananarivo,AFRICA
Gambia,North Bank,AFRICA
India,Karnataka,ASIA
Thailand,Kanchanaburi,ASIA
Zimbabwe,Matabeleland South,AFRICA
Ghana,Savannah,AFRICA
India,Madhya Pradesh,ASIA
United States of America,New Mexico,NORTH_AMERICA
Ecuador,Guayas,SOUTH_AMERICA
New Caledonia,,
Fiji,Northern,OCEANIA
New Zealand,Wellington,OCEANIA
New Zealand,West Coast,
New Zealand,Manawatu-Wanganui,OCEANIA
United States of America,California,
New Zealand,West Coast,OCEANIA
United States of America,Washington,NORTH_AMERICA
Sweden,Bohuslän,EUROPE
New Zealand,Auckland,
New Zealand,Hawke's Bay,OCEANIA
Chile,Atacama,SOUTH_AMERICA
France,Basse-Normandie,EUROPE
Venezuela (Bolivarian Republic of),Sucre,SOUTH_AMERICA
Argentina,La Rioja,SOUTH_AMERICA
Uruguay,Durazno,SOUTH_AMERICA
Argentina,Entre Rios,SOUTH_AMERICA
Brazil,Rs,
Thailand,Krabi,ASIA
Chinese Taipei,Taipei,ASIA
Puerto Rico,Cidra,NORTH_AMERICA
Chinese Taipei,Taiwan,ASIA
Portugal,Aveiro,EUROPE
Sri Lanka,Anuradhapura,ASIA
Thailand,Nakhon Pathom,ASIA
Thailand,Bangkok Metropolis,ASIA
Hong Kong,Kowloon City,ASIA
Thailand,Nakhon Si Thammarat,ASIA
India,Punjab,ASIA
Thailand,Chon Buri,ASIA
Thailand,Prachuap Khiri Khan,ASIA
Lao People’s Democratic Republic,Bolikhamxai,ASIA
United Arab Emirates,Abu Dhabi,ASIA
Thailand,Chaiyaphum,ASIA
Thailand,Chiang Rai,ASIA
Thailand,Samut Prakan,ASIA
Thailand,Pathum Thani,ASIA
Thailand,Pattani,ASIA
India,Chandigarh,ASIA
Thailand,Nonthaburi,ASIA
Thailand,Nakhon Sawan,ASIA
Singapore,North-East,ASIA
United Arab Emirates,Dubay,ASIA
Brazil,Bahia,ANTARCTICA
Paraguay,Guairá,SOUTH_AMERICA
Brazil,Río Grande do Sul,SOUTH_AMERICA
Peru,Amazonas,SOUTH_AMERICA
Brazil,Santiago del Estero,SOUTH_AMERICA
Philippines,Southern Leyte,ASIA
Philippines,Cebu,ASIA
Thailand,Surat Thani,
Thailand,,
Philippines,Sorsogon,ASIA
Indonesia,Nusa Tenggara Barat,ASIA
Panama,Veraquas,NORTH_AMERICA
Philippines,Cebu,
"Tanzania, United Republic of",Zanzibar South and Central,AFRICA
Seychelles,La Digue and Inner Islands,
Indonesia,Sulawesi Utara,ASIA
Bolivia (Plurinational State of),Cochabamba,SOUTH_AMERICA
French Guiana,Sipaliwini,SOUTH_AMERICA
Ecuador,Loja,SOUTH_AMERICA
Bolivia (Plurinational State of),El Beni,SOUTH_AMERICA
Suriname,Amapá,SOUTH_AMERICA
French Guiana,Cayenne,
Venezuela (Bolivarian Republic of),Distrito Capital,SOUTH_AMERICA
Dominican Republic,,NORTH_AMERICA
United States of America,Alabama,
Jamaica,,NORTH_AMERICA
Israel,West Bank,ASIA
Mexico,Veracruz de ignacio de la llave,NORTH_AMERICA
Brazil,Parana,SOUTH_AMERICA
Belize,,NORTH_AMERICA
Belize,,
French Guiana,Guyane française,
Brazil,Paraná,
Albania,Vlorë,EUROPE
China,Zhejiang,ASIA
Morocco,Tanger - Tétouan,AFRICA
New Zealand,Wellington,
Albania,Fier,EUROPE
Italy,Liguria,EUROPE
Croatia,,
Croatia,Dubrovacko-Neretvanska,EUROPE
Chile,Maule,SOUTH_AMERICA
New Zealand,Nelson,OCEANIA
Chile,Araucanía,
Nicaragua,Carazo,NORTH_AMERICA
Chile,Tarapacá,SOUTH_AMERICA
United States of America,Rhode Island,
United States of America,Maine,NORTH_AMERICA
Brazil,Espirito Santo,SOUTH_AMERICA
Puerto Rico,Arroyo,NORTH_AMERICA
Peru,Lima Province,SOUTH_AMERICA
Peru,Lima,SOUTH_AMERICA
Saint Lucia,Dennery,NORTH_AMERICA
Suriname,Nickerie,SOUTH_AMERICA
United States of America,Nebraska,NORTH_AMERICA
United States of America,Minnesota,NORTH_AMERICA
Germany,Bayern,EUROPE
Belize,Corozal,
Puerto Rico,Guánica,
Bahamas,Biminis,
Paraguay,Amambay,SOUTH_AMERICA
Bolivia (Plurinational State of),Santa cruz,SOUTH_AMERICA
Argentina,Tucumán,SOUTH_AMERICA
"Saint Helena, Ascension and Tristan da Cunha",Saint Helena,AFRICA
Cabo Verde,Porto Novo,AFRICA
Ecuador,Galápagos NP,SOUTH_AMERICA
Saint Lucia,Vieux Fort,NORTH_AMERICA
Montserrat,Saint Peter,NORTH_AMERICA
Montserrat,Saint Anthon,NORTH_AMERICA
El Salvador,Sonsonate,NORTH_AMERICA
Saudi Arabia,Makkah,
Sri Lanka,Matale,ASIA
Saudi Arabia,,ASIA
Sri Lanka,Puttalam,ASIA
Sri Lanka,Gampaha,ASIA
Bermuda,,
Palau,Peleliu,
United States Minor Outlying Islands,Palmyra,
China,Guangdong,
Albania,,
United States of America,Maryland,
Guyana,Sipaliwini,SOUTH_AMERICA
Bolivia (Plurinational State of),Tarija,SOUTH_AMERICA
Indonesia,Jawa Timur,ASIA
Japan,Shizuoka,ASIA
Chinese Taipei,,
Indonesia,Papua,OCEANIA
United States Minor Outlying Islands,Palmyra,OCEANIA
Philippines,Oriental Mindoro,ASIA
Wallis and Futuna,Alo,OCEANIA
Seychelles,Grand'Anse Praslin,AFRICA
Indonesia,Aceh,ASIA
Jamaica,Westmoreland,NORTH_AMERICA
Cabo Verde,Sal,AFRICA
Sri Lanka,Trincomalee,ASIA
Seychelles,Mont Fleuri,AFRICA
Timor-Leste,Atauro Municipality,ASIA
Thailand,Phuket,ASIA
Guam,Santa Rita,OCEANIA
French Polynesia,Îles Marquises,OCEANIA
Guam,Guam,OCEANIA
Kenya,Kwale,AFRICA
Seychelles,Belombre,AFRICA
Mozambique,,AFRICA
Puerto Rico,Vega Alta,NORTH_AMERICA
Trinidad and Tobago,Princes Town,SOUTH_AMERICA
Trinidad and Tobago,Penal-Debe,SOUTH_AMERICA
Trinidad and Tobago,San Fernando,SOUTH_AMERICA
Trinidad and Tobago,Tunapuna/Piarco,NORTH_AMERICA
Venezuela (Bolivarian Republic of),Miranda,SOUTH_AMERICA
Trinidad and Tobago,,NORTH_AMERICA
Trinidad and Tobago,Tobago,NORTH_AMERICA
Saint Vincent and the Grenadines,,NORTH_AMERICA
Trinidad and Tobago,Siparia,NORTH_AMERICA
Trinidad and Tobago,Tobago,
Venezuela (Bolivarian Republic of),Bolívar,SOUTH_AMERICA
Venezuela (Bolivarian Republic of),Apure,SOUTH_AMERICA
Venezuela (Bolivarian Republic of),Guárico,SOUTH_AMERICA
Mauritius,Black River,AFRICA
Mauritius,Mauritius,
"Saint Helena, Ascension and Tristan da Cunha",Tristan da Cunha,
unknown or invalid,High Seas,
"Saint Helena, Ascension and Tristan da Cunha",Ascension,
United States of America,North Carolina (NC),
Mauritius,Savanne,AFRICA
Guatemala,Suchitepéquez,NORTH_AMERICA
Guatemala,Chimaltenango,NORTH_AMERICA
Mexico,Morelos,NORTH_AMERICA
Belize,Orange Walk,NORTH_AMERICA
Guatemala,Sacatepéquez,NORTH_AMERICA
Mexico,Puebla,NORTH_AMERICA
Honduras,Ocotepeque,NORTH_AMERICA
Mexico,Tabasco,NORTH_AMERICA
United States of America,Oklahoma,NORTH_AMERICA
Sweden,Halland,EUROPE
Canada,Saskatchewan,NORTH_AMERICA
Guatemala,Escuintla,NORTH_AMERICA
United States of America,Alaska,NORTH_AMERICA
Canada,Yukon,NORTH_AMERICA
Canada,Manitoba,NORTH_AMERICA
Peru,Piura,SOUTH_AMERICA
Chile,Bío-Bío,SOUTH_AMERICA
Peru,Callao,SOUTH_AMERICA
Australia,Jervis Bay Territory,OCEANIA
United States of America,Connecticut,NORTH_AMERICA
Colombia,Quindío,SOUTH_AMERICA
El Salvador,Santa Ana,NORTH_AMERICA
Mexico,San Luis Potosí,NORTH_AMERICA
Nicaragua,Masaya,NORTH_AMERICA
Honduras,Copán,NORTH_AMERICA
Chile,Antofagasta,SOUTH_AMERICA
New Zealand,Marlborough,OCEANIA
Canada,New Brunswick,NORTH_AMERICA
Montenegro,Budva,EUROPE
Japan,Kanagawa,ASIA
Greece,Thessaly and Central Greece,EUROPE
Albania,Fier,
Montenegro,Cetinje,EUROPE
Nicaragua,Atlántico Norte,
Israel,HaMerkaz,ASIA
France,Nouvelle-Aquitaine,EUROPE
Spain,Galicia,EUROPE
Portugal,Coimbra,EUROPE
Portugal,Porto,EUROPE
Portugal,Braga,EUROPE
France,Pays de la Loire,EUROPE
United Kingdom of Great Britain and Northern Ireland,Northern Ireland,EUROPE
Croatia,Zadarska,EUROPE
Greece,Aegean,EUROPE
Portugal,Setúbal,EUROPE
Spain,Principado de Asturias,EUROPE
Algeria,Béjaïa,AFRICA
Portugal,Lisboa,EUROPE
Türkiye,Mugla,ASIA
Mozambique,Inhambane,AFRICA
Timor-Leste,Manatuto,ASIA
France,Provence-Alpes-Côte d'Azur,
Algeria,Jijel,AFRICA
Spain,,EUROPE
Spain,Islas Baleares,
Madagascar,,
Thailand,Krabi,
Algeria,Tipaza,AFRICA
Algeria,Algiers,AFRICA
Bangladesh,Dhaka,ASIA
China,,ASIA
Bangladesh,,
Bangladesh,Chittagong,
India,Gujarat,ASIA
Chile,Coquimbo Region,SOUTH_AMERICA
Puerto Rico,Cabo Rojo,
Barbados,Saint James,NORTH_AMERICA
Brazil,Federal Dist.,SOUTH_AMERICA
Puerto Rico,Vega Baja,NORTH_AMERICA
Peru,Tumbes,SOUTH_AMERICA
Belize,Toledo,NORTH_AMERICA
Antigua and Barbuda,Saint Philip,NORTH_AMERICA
Barbados,Saint Peter,NORTH_AMERICA
Jamaica,Saint Catherine,NORTH_AMERICA
Antigua and Barbuda,Saint John,NORTH_AMERICA
Ireland,Donegal,
Ireland,Cork,
Ireland,Cork,EUROPE
United Kingdom of Great Britain and Northern Ireland,,EUROPE
Ireland,Mayo,EUROPE
United States of America,Maine,
Ireland,,EUROPE
Canada,Newfoundland and Labrador,NORTH_AMERICA
Iceland,Austurland,EUROPE
Canada,Québec,NORTH_AMERICA
France,Normandie,EUROPE
Ireland,Kerry,EUROPE
Ireland,Clare,
Croatia,Istarska,EUROPE
United States of America,New Hampshire,
Germany,,EUROPE
Germany,Schleswig-Holstein,EUROPE
Colombia,Mato Grosso,SOUTH_AMERICA
Suriname,Marowijne,SOUTH_AMERICA
Thailand,Samut Sakhon,ASIA
Greece,Macedonia and Thrace,EUROPE
Angola,Namibe,AFRICA
Morocco,,
Australia,Tasmania,
Indonesia,Jawa Tengah,ASIA
Greece,Epirus and Western Macedonia,EUROPE
,Northern Atlantic Ocean,
Aruba,,
Guadeloupe,Pointe-à-Pitre,
Bahamas,South Abaco,NORTH_AMERICA
Virgin Islands (U.S.),St. John,
Bahamas,South Andros,NORTH_AMERICA
Virgin Islands (U.S.),St. Croix,
Belize,Stann Creek,
Saint Barthélemy,,
Bermuda,Sandys,NORTH_AMERICA
Bermuda,Pembroke,NORTH_AMERICA
Guadeloupe,Guadeloupe,NORTH_AMERICA
Bahamas,Exuma District,NORTH_AMERICA
Barbados,Saint John,NORTH_AMERICA
Antigua and Barbuda,,NORTH_AMERICA
Bermuda,,NORTH_AMERICA
Virgin Islands (U.S.),,NORTH_AMERICA
Brazil,Alagoas,
Bolivia (Plurinational State of),Chuquisaca,SOUTH_AMERICA
Belgium,Vlaanderen,EUROPE
Puerto Rico,Trujillo Alto,NORTH_AMERICA
France,Île-de-France,EUROPE
India,Telangana,ASIA
North Macedonia,Gazi Baba,EUROPE
France,Occitanie,EUROPE
United States of America,Arizona,NORTH_AMERICA
Bermuda,Paget,
Colombia,San Andrés y Providencia,
Bahamas,Hope Town,
Sweden,Uppsala,EUROPE
Russian Federation,Komi,EUROPE
Colombia,Bogotá D.C.,SOUTH_AMERICA
Honduras,Santa Bárbara,NORTH_AMERICA
Mexico,Querétaro,NORTH_AMERICA
Mexico,Hidalgo,NORTH_AMERICA
Mexico,Distrito Federal,NORTH_AMERICA
Paraguay,Paraná,SOUTH_AMERICA
Brazil,Santa Fe,SOUTH_AMERICA
Nicaragua,Matagalpa,NORTH_AMERICA
Chile,Aysén,SOUTH_AMERICA
Sri Lanka,Galle,ASIA
Argentina,Rio Grande do Sul,SOUTH_AMERICA
Slovenia,,EUROPE
Dominica,Saint Joseph,
Bermuda,Southampton,
Portugal,Arquipélago dos Açores,EUROPE
Indonesia,,
Réunion,,AFRICA
Austria,Wien,EUROPE
Chile,Libertador General Bernardo O'Higgins,SOUTH_AMERICA
Chile,Región Metropolitana de Santiago,SOUTH_AMERICA
Chile,Ñuble,SOUTH_AMERICA
Brazil,Santa Cruz,SOUTH_AMERICA
Bolivia (Plurinational State of),Mato Grosso do Sul,SOUTH_AMERICA
Namibia,!Karas,AFRICA
Grenada,Saint George,
Bermuda,Saint George municipality,NORTH_AMERICA
Bermuda,Warwick,NORTH_AMERICA
Cabo Verde,Praia,AFRICA
Cabo Verde,Tarrafal de São Nicolau,AFRICA
Cabo Verde,Brava,AFRICA
Cabo Verde,São Vicente,AFRICA
Guinea-Bissau,Bahia,SOUTH_AMERICA
"Saint Helena, Ascension and Tristan da Cunha",Tristan da Cunha,AFRICA
"Saint Helena, Ascension and Tristan da Cunha",,
"Saint Helena, Ascension and Tristan da Cunha",,ANTARCTICA
"Saint Helena, Ascension and Tristan da Cunha",Tristan da Cunha,ANTARCTICA
El Salvador,La Unión,NORTH_AMERICA
Nicaragua,Rivas,NORTH_AMERICA
India,Tamil Nadu,
India,Andhra Pradesh,
India,Andaman and Nicobar,
Mexico,Oaxaca,
Myanmar,Rakhine,ASIA
Nicaragua,León,NORTH_AMERICA
Mexico,Sonora,
India,Puducherry,ASIA
Nicaragua,Chinandega,NORTH_AMERICA
India,Odisha,ASIA
Philippines,Palawan,ASIA
India,Goa,ASIA
Sri Lanka,Colombo,ASIA
Mexico,Michoacán,
Angola,Bengo,
Sri Lanka,Galle,
Sri Lanka,,
Bahamas,New Providence Id.,NORTH_AMERICA
Bahamas,Andros Islands,NORTH_AMERICA
Saint Barthélemy,,NORTH_AMERICA
Puerto Rico,San Germán,NORTH_AMERICA
Croatia,Primorsko-Goranska,EUROPE
Türkiye,,ASIA
Gibraltar,,EUROPE
Norway,Trøndelag,EUROPE
Norway,Agder,EUROPE
France,Languedoc-Roussillon,EUROPE
Netherlands,Zuid-Holland,EUROPE
Algeria,Skikda,
Türkiye,Çanakkale,ASIA
Algeria,Tizi Ouzou,AFRICA
Norway,Vest-Agder,EUROPE
Trinidad and Tobago,Sangre Grande,NORTH_AMERICA
Saudi Arabia,Al Bahah,ASIA
Côte d’Ivoire,Lacs,AFRICA
Côte d’Ivoire,Gôh-Djiboua,AFRICA
"Congo, Democratic Republic of the",Équateur,AFRICA
"Congo, Democratic Republic of the",Sud-Kivu,AFRICA
Jamaica,Manchester,NORTH_AMERICA
"Congo, Democratic Republic of the",Kongo-Central,AFRICA
Equatorial Guinea,Centro Sur,AFRICA
Bhutan,Punakha,ASIA
Puerto Rico,Sabana Grande,NORTH_AMERICA
Iceland,Suðurland,EUROPE
Martinique,,NORTH_AMERICA
Ghana,Bono East,AFRICA
Brazil,Espirito Santo,
Nigeria,Lagos,AFRICA
United States of America,Michigan,NORTH_AMERICA
Albania,Shkodër,EUROPE
Albania,,EUROPE
Greece,"Peloponnese, Western Greece and the Ionian Islands",EUROPE
Spain,Las Palmas,EUROPE
Ghana,Greater Accra,AFRICA
United States of America,South Carolina,
Brazil,Sc,
Gabon,,AFRICA
Ghana,,AFRICA
Papua New Guinea,Gulf,OCEANIA
Bangladesh,Khulna,ASIA
Paraguay,Formosa,SOUTH_AMERICA
Jamaica,Saint Andrew,NORTH_AMERICA
Dominican Republic,Santo Domingo,NORTH_AMERICA
Antigua and Barbuda,Barbuda,NORTH_AMERICA
Indonesia,Sulawesi Utara,
Fiji,Northern,
Japan,Niigata,ASIA
Saudi Arabia,Al Madinah,ASIA
Indonesia,Papua Barat,ASIA
Philippines,Batangas,ASIA
Seychelles,Takamaka,AFRICA
Cook Islands,,
Egypt,Janub Sina',ASIA
Philippines,Negros Oriental,ASIA
Puerto Rico,Rincón,
New Caledonia,Sud,
Oman,Al Batinah South,
Dominica,Saint David,NORTH_AMERICA
Indonesia,Papua Barat,
Philippines,Negros Oriental,
Panama,Veraguas,
Falkland Islands (Malvinas),Falkland Islands (Malvinas),
"Saint Helena, Ascension and Tristan da Cunha",Southern Atlantic Ocean,
"Saint Helena, Ascension and Tristan da Cunha",Southern Atlantic Ocean,AFRICA
Guyana,Demerara-Mahaica,SOUTH_AMERICA
Puerto Rico,Naguabo,NORTH_AMERICA
