nome_cientifico,nome_popular
Aegla violacea,
Notholebias vermiculatus,Peixe-anual
Simpsonichthys nigromaculatus,Peixe-anual
Amazona pretrei,
Mobula thurstoni,
Atlantirivulus simplicis,
Isogomphodon oxyrhynchus,Cacao Pato
Eupera troglobia,
Pseudoplatystoma corruscans,Caçonete
Pithecopus rusticus,
Hypsolebias adornatus,Peixe-anual
Cnesterodon omorgmatos,Barrigudinho
Acratosaura spinosa,
Anotosaura collaris,
Ophthalmolebias bokermanni,Peixe-anual
Harttia depressa,Acari-cachimbo
Calyptommatus nicterus,
Garcialebias bagual,
Alouatta caraya,Bugio
Lepidothrix iris,
Hypsolebias nudiorbitatus,
Hypsolebias brunoi,Peixe-anual
Serpophaga hypoleuca pallida,
Leposternon maximus,
Parotocinclus cesarpintoi,Cascudinho
Rhipidodonta koseritzi,
Melanorivulus vittatus,
Phaenomys ferrugineus,
Gymnura altavela,
Cyanopsitta spixii,
Plesiolebias xavantei,Peixe-anual
Tosanoides aphrodite,
Matilebias litzi,Peixe-anual
Contopus nigrescens,
Amphisbaena carvalhoi,
Diomedea exulans,
Microspathodon chrysurus,
Lipaugus conditus,
Astyanax eremus,Lambari
Plecturocebus bernhardi,Zogue-zogue
Simpsonichthys zonatus,Peixe-anual
Aegla ludwigi,
Rhamdiopsis krugi,bagrinho-cego
Notholebias cruzi,Peixe-anual
Lutjanus cyanopterus,
Leposternon kisteumacheri,Cobra-de-duas-cabeças
Alouatta discolor,Guariba-de-mãos-ruivas
Amphisbaena acangaoba,
Thamnophilus caerulescens pernambucensis,
Choranthias salmopunctatus,
Thamnomanes caesius caesius,
Simpsonichthys cholopteryx,Peixe-anual
Kolpotocheirodon figueiredoi,
Myrmotherula snowi,
Sparisoma rocha,Bodião-de-Trindade
Leptopanchax splendens,peixe-anual
Trachylepis atlantica,
Potamotrygon signata,
Paraclaravis geoffroyi,
Pseudobatos percellens,Viola
Amphisbaena kiriri,
Sternarchogiton zuanoni,Sarapó
Atractus ronnie,Cobra-da-terra dos brejos
Knodus dorsomaculatus,
Lachlania aldinae,
Eurolophosaurus amathites,
Aegla itacolomiensis,
Leptagrion bocainense,
Hypsolebias marginatus,Peixe-anual
Cerdale fasciata,Peixe Lombriga Listrado
Phlegopsis borbae,
Brachyteles arachnoides,Mono
Amatolebias varzeae,Peixe-anual
Hylodes glaber,
Cotinga maculata,
Chamaeza nobilis fulvipectus,
Simothraulopsis eurybasis,
Discosura langsdorffi langsdorffi,
Brycon gouldingi,Matrinxã
Leposoma annectans,
Phlegopsis nigromaculata confinis,
Paragenidens grandoculis,
Hypsolebias multiradiatus,Peixe-anual
Ameiva jacuba,
Millepora braziliensis,
Condylactis gigantea,
Elacatinus phthirophagus,
Euryoryzomys lamia,
Acanthochelys macrocephala,Cágado-do-Pantanal
Aegla obstipa,
Microglanis maculatus,
Amphisbaena littoralis,Cobra-de-duas-cabeças
Maratecoara splendida,Peixe-anual
Eleoscytalopus psychopompus,
Formicivora acutirostris,
Cambeva pascuali,
Pimelodella spelaea,
Lebiasina minuta,
Epiperipatus diadenoproctus,
Leopardus guttulus,Gato-do-mato
Campylorhamphus trochilirostris trochilirostris,
Juscelinomys candango,
Mustelus schmitti,Caçonete E Cação-cola-fina
Garcialebias reicherti,
Sterna dougallii,
Stigmatura napensis napensis,
Callithrix flaviceps,Sagüi-da-serra-claro
Apostolepis thalesdelemai,
Mussismilia harttii,Coral-couve-flor
Bombus bellicosus,Mamangava
Hasemania melanura,Lambari
Phalotris lativittatus,
Jenynsia sanctaecatarinae,
Heterodactylus septentrionalis,
Sapajus robustus,Macaco Prego
Megalobulimus parafragilior,
Mustelus fasciatus,Cação-listrado
Clytoctantes atrogularis,
Sapajus libidinosus,Macaco-prego
Pionus reichenowi,
Sternarchorhynchus caboclo,sarapó
Carcharhinus galapagensis,Tubarão-das-Galápagos
Aegla oblata,
Augastes lumachella,
Leposternon octostegum,Cobra-de-duas-cabeças
Hypsolebias guanambi,Peixe-anual
Garcialebias pongondo,
Thamnophilus caerulescens cearensis,
Tangara velia signata,
Genidens barbus,Bagre branco
Diomedea epomophora,
Laniisoma elegans,
Xiphorhynchus atlanticus,Arapaçu-rajado-do-nordeste
Phalloptychus eigenmanni,Barrigudinho
Thalasseus maximus,
Epinephelus itajara,
Mazama nana,Veado-mão-curta
Odontanthias cauoh,
Crossodactylus dantei,
Sternarchorhynchus inpai,Sarapó
Arraia nelmae,Minhoca
Rhipidodonta iheringi,
Leontopithecus caissara,Mico-caiçara
Stenocercus quinarius,
Hypsolebias magnificus,Peixe-anual
Amazona vinacea,
Scytalopus diamantinensis,
Anomaloglossus apiau,
Spiripockia punctata,
Ophthalmolebias perpendicularis,Peixe-anual
Adebrotus lugoi,
Millepora laboreli,
Caretta caretta,Careba Amarela
Thalurania watertonii,
Garcialebias nubium,
Garcialebias arachan,
Carcharhinus brevipinna,
Carcharhinus porosus,Cação Azeiteiro
Ophiodes enso,
Urotrygon microphthalmum,
Sternarchorhynchus villasboasi,Sarapó
Genidens planifrons,
Kryptolebias gracilis,
Atlantirivulus nudiventris,
Nematolebias papilliferus,Peixe-anual
Odontophorus capueira plumbeicollis,
Callicebus coimbrai,Guigó
Cynopoecilus feltrini,
Scytalopus novacapitalis,
Apostolepis striata,Cobra-rainha estriada
Echinanthera cephalomaculata,
Neomorphus geoffroyi amazonicus,
Hemitriccus mirandae,
Aegla georginae,
Iodopleura pipra leucopygia,
Anodorhynchus leari,
Sclerurus cearensis,
Bothrops muriciensis,Jararacuçu de Murici
Anumara forbesi,
Placosoma cipoense,
Phylloscartes ceciliae,
Adelophryne maranguapensis,
Puffinus lherminieri,
Sphaenorhynchus bromelicola,
Helicops boitata,
Franciscobasis franciscoi,
Aegla brevipalma,
Furipterus horrens,
Circus cinereus,
Titanolebias cheradophilus,
Homonota uruguayensis,
Garcialebias nigrofasciatus,Peixe-anual
Nematolebias whitei,Peixe-anual
Carcharhinus longimanus,Marracho
Amphisbaena arda,Cobra-de-duas-cabeças
Mimagoniates sylvicola,Piaba
Rodriguesophis chui,Muçurana-nariguda das dunas
Amphisbaena metallurga,
Cynolebias akroa,
Moema piriana,Peixe-anual
Pogonopoma obscurum,Cascudo-preto
Podocnemis sextuberculata,Iaçá
Myliobatis freminvillei,
Amphisbaena saxosa,Cobra-de-duas-cabeças
Colossoma macropomum,Tambaqui
Pseudotocinclus tietensis,Cascudinho
Ophthalmolebias suzarti,Peixe-anual
Tomigerus gibberulus,
Diomedea sanfordi,
Sphyrna tudes,Caranguejeira
Campellolebias chrysolineatus,Peixe-anual
Phrynomedusa marginata,
Mustelus canis,
Rachoviscus crassiceps,Lambari-da-restinga
Rhegmatorhina hoffmannsi,
Hypsolebias tocantinensis,Peixe-anual
Aegla charon,
Hypsolebias harmonicus,Peixe-anual
Plecturocebus grovesi,
Chlorosoma laticeps,
Elaenia ridleyana,
Aegla loyolai,
Lepidothrix vilasboasi,
Thamnophilus aethiops distans,
Hypsolebias splendissimus,
Cyanocorax hafferi,
Kerodon acrobata,
Brachyteles hypoxanthus,Muriqui-do Norte
Hylodes mertensi,
Anthus nattereri,
Gymnolebias jaegari,Peixe-anual
Carcharhinus obscurus,
Crossodactylodes izecksohni,
Amazona rhodocorytha,
Physeter macrocephalus,Cachalote
Ameivula cipoensis,
Leptopanchax citrinipinnis,Peixe-anual
Campylorhamphus multostriatus,
Phaethon lepturus,
Leptodon forbesi,
Sporophila frontalis,
Celeus galeatus,
Hermanella nigra,
Aegla franca,
Ischnocnema epipeda,
Halichoeres rubrovirens,Budião-de-Trindade
Formicivora erythronotos,
Phyllomyias reiseri,
Johngarthia lagostoma,
Forcepsioneura machadorum,
Matilebias alexandri,
Isbrueckerichthys saxicola,Cascudo
Aegla renana,
Coleodactylus elizae,
Tropidurus mucujensis,
Terenura sicki,
Steindachneridion melanodermatum,Surubim-do-iguaçu
Amphisbaena nigricauda,Cobra-de-duas-cabeças
Holoaden bradei,
Lagothrix lagothricha lagothricha,
Squatina occulta,
Monocondylaea franciscana,
Hypsolebias hellneri,Peixe-anual
Acrobatornis fonsecai,
Scytalopus iraiensis,
Ancistrus minutus,Bodó-seda
Alectrurus tricolor,
Selenidera gouldii baturitensis,
Hypsolebias delucai,Peixe-anual
Squatina guggenheim,
Synallaxis infuscata,
Rhopornis ardesiacus,
Parastacus tuerkayi,
Hypsolebias shibattai,
Hypsolebias flavicaudatus,Peixe-anual
Glossoscolex matogrossensis,Minhoca
Callicebus nigrifrons,Guigó
Leontopithecus chrysomelas,Mico-leão-de-cara-dourada
Ameiva parecis,Calango
Philodryas livida,
Thamnophilus nigrocinereus huberi,
Melanorivulus leali,
Leposoma puk,
Hypsolebias lopesi,Peixe-anual
Ginglymostoma cirratum,Cação-lixa
Ozotoceros bezoarticus leucogaster,Veado
Chiasmocleis alagoana,
Scriptosaura catimbau,
Tinamus tao,
Trichomycterus dali,Bagrinho-cego-da-serra-da-bodoquena
Ophthalmolebias rosaceus,Peixe-anual
Bothrops sazimai,
Glossoscolex riograndensis,Minhocas
Sapajus cay,Macaco Prego
Penelope jacucaca,
Malacoptila minor,
Ctenomys flamarioni,
Chelonoidis carbonarius,Jabuti-Vermelho
Crenicichla jupiaensis,Joaninha
Crax blumenbachii,
Macrobrachium denticulatum,
Amphisbaena tiaraju,
Xipholena lamellipennis,
Atlantirivulus maricensis,
Phrynops williamsi,Cágado-de-Ferradura
Mycetopoda legumen,
Myliobatis goodei,
Microglanis robustus,
Makaira nigricans,
Phyllomys brasiliensis,
Crax globulosa,
Scytalopus gonzagai,
Burhinus bistriatus,
Xenohyla truncata,
Apostolepis arenaria,Cobra-rainha do São Francisco
Lopholatilus villarii,Peixe-batata
Pterodroma madeira,
Callithrix aurita,Sagüi-da-serra-escuro
Sparisoma axillare,
Lebiasina marilynae,
Limnodromus griseus,
Pyrrhura cruentata,
Austrolebias univentripinnis,
Listrura depinnai,
Rachoviscus graciliceps,Lambari
Sphaenorhynchus cammaeus,
Conopophaga lineata lineata,
Panthera onca,Onca
Conothraupis mesoleuca,
Geositta poeciloptera,
Amphisbaena arenaria,Cobra-de-duas-cabeças
Bokermannohyla napolii,
Archolaemus santosi,
Atlantoraja castelnaui,
Fregata minor,
Sporophila nigrorufa,
Kryptolebias brasiliensis,
Glaucomastix littoralis,Calango
Pyrrhura lepida,
Crossodactylus franciscanus,
Priodontes maximus,Tatu-Canastra
Tapirus terrestris,Anta
Rhipidodonta garbei,
Pogonias courbina,
Pampasatyrus glaucope eberti,
Sternarchorhynchus kokraimoro,Sarapó
Apostolepis quirogai,
Pampasatyrus glaucope boenninghauseni,
Starksia multilepis,
Ctenomys lami,
Sclerurus caudacutus umbretta,
Sternarchorhynchus higuchii,Sarapó
Pterodroma deserta,
Steindachneridion scriptum,Bocudo
Campellolebias intermedius,Peixe-anual
Oligoneuria amandae,
Ctenomys minutus,
Formicivora paludicola,
Hemitriccus kaempferi,
Bokermannohyla vulcaniae,
Hyphessobrycon taurocephalus,Lambari
Stegastes trindadensis,
Phrynomedusa vanzolinii,
Aegla okora,
Odontesthes bicudo,Peixe-rei-bicudo
Mobula birostris,
Steindachneridion parahybae,Surubim-do-paraíba
Dermochelys coriacea,Tartaruga-de-casco-mole
Pseudobatos horkelii,
Myrmotherula minor,
Syndactyla ucayalae,
Epiperipatus adenocryptus,
Ololygon muriciensis,
Hypsolebias faouri,
Alouatta guariba guariba,Barbado
Epiperipatus paurognostus,
Sparisoma amplum,
Trichomycterus itacarambiensis,Bagrinho-de-caverna
Atelocynus microtis,Cachorro-do-mato-de-orelhas-curtas
Hippocampus patagonicus,
Brachycephalus pernix,
Ituglanis passensis,Bagrinho-de-caverna
Camelobaetidius juparana,
Coendou speratus,Coandu-mirim
Hypsolebias radiseriatus,
Megalobulimus cardosoi,
Hypsolebias nielseni,Peixe-anual
Hypsolebias auratus,Peixe-anual
Callicebus barbarabrownae,Guigó-da-caatinga
Charadrius wilsonia,
Penelope superciliaris alagoensis,
Lagothrix lagothricha,
Stegastes sanctipauli,
Melanophryniscus montevidensis,Sapinho de Barriga Vermelha Uruguaio
Sphyrna zygaena,Tubarão Martelo
Hylodes sazimai,
Celeus obrieni,
Ophthalmolebias ilheusensis,Peixe-anual
Hasemania piatan,Piaba
Pristis pectinata,
Melanorivulus pinima,
Colobodactylus dalcyanus,
Hypleurochilus brasil,
Trichechus manatus,Peixe-boi das Américas
Leposoma baturitensis,
Endecous apterus,
Amphisbaena supernumeraria,Cobra-de-duas-cabeças
Hyporthodus nigritus,Cherne negro
Garcialebias cheffei,
Hylodes magalhaesi,
Garcialebias nachtigalli,Peixe-anual
Trichechus inunguis,Peixe-boi Amazónico
Crossodactylodes itambe,
Aegla inconspicua,
Psilops seductus,
Ancistrus cryptophthalmus,Cascudinho-de-caverna
Phalotris multipunctatus,Fura-terra pintada
Sclerurus caudacutus caligineus,
Callistomys pictus,rato-do-cacau
Cebus kaapori,Caiarara ka’apor
Acantholebias quirogai,
Rodriguesophis scriptorcibatus,Muçurana-nariguda do São Francisco
Calidris canutus,
Platyrinchus leucoryphus,
Neomorphus geoffroyi geoffroyi,
Cynolebias griseus,Peixe-anual
Carcharhinus leucas,
Conorhynchos conirostris,Pirá
Phaethornis major,
Hypsolebias stellatus,
Steindachneridion amblyurum,Surubim-do-jequitinhonha
Tropidurus hygomi,
Hyphessobrycon cantoi,
Hypanus berthalutzae,Raia de Pedra
Pyrrhura amazonum,
Trogon collaris eytoni,
Knipolegus franciscanus,
Schiffornis turdina intermedia,
Fluminagrion taxaense,
Leporinus pitingai,Aracu
Melanophryniscus admirabilis,Sapinho-admirável-de-barriga-vermelha
Achirus mucuri,
Teleocichla centisquama,Sabãozinho
Bathytoshia centroura,raia prego espinhosa
Apostolepis vittata,
Hypsolebias igneus,Peixe-anual
Eubalaena australis,Baleia Franca Austral
Tangara cyanocephala cearensis,
Hypsolebias gilbertobrasili,Peixe anual
Characidium vestigipinne,Canivete
Scarus zelindae,Aipimixira
Scartella itajobi,
Lophiosilurus alexandri,Pacamã
Merulaxis stresemanni,Entufado-baiano
Nyctibius leucopterus,
Parancistrus nudiventris,
Polyprion americanus,
Atlantirivulus lazzarotoi,
Ranacephala hogei,Cágado-de-Hogei
Procnias averano averano,
Atlantoraja cyclophora,Raia-santa
Leptasthenura platensis,
Gubernatrix cristata,
Steindachneridion punctatum,
Neomorphus geoffroyi dulcis,
Pyrrhura pfrimeri,
Cynolebias leptocephalus,Peixe-anual
Aegla inermis,
Sapajus flavius,
Hypsolebias virgulatus,Peixe-anual
Sphyrna media,Cação-martelo
Heptapterus multiradiatus,Bagrinho-do-tietê
Delturus parahybae,Cascudo
Fontitrygon colarensis,Arraia Branca Bicuda
Thoropa petropolitana,
Anodontites iheringi,
Psophia obscura,
Myrmecophaga tridactyla,Tamanduá Bandeira
Automolus lammi,
Carcharodon carcharias,
Stygichthys typhlops,Piaba-branca
Speothos venaticus,Cachorrinho
Eurolophosaurus divaricatus,
Balaenoptera borealis,Baleia Sei
Crypturellus noctivagus noctivagus,
Calamodontophis ronaldoi,
Epinephelus morio,
Sphyrna mokarran,
Proceratophrys sanctaritae,
Mergus octosetaceus,
Ceratophrys ornata,Intanha
Cnesterodon carnegiei,Barrigudinho
Hypocnemis hypoxantha ochraceiventris,
Sphaenorhynchus canga,
Cycloramphus stejnegeri,
Leposternon scutigerum,
Leontopithecus rosalia,Mico-leão-dourado
Hypsolebias carlettoi,Peixe-anual
Coryphaspiza melanotis,
Cynopoecilus intimus,Peixe-anual
Microakodontomys transitorius,
Chiropotes satanas,Cuxiú
Sula sula,
Pyriglena atra,
Galeorhinus galeus,Cacao Tope
Spinus yarrellii,
Sapajus xanthosternos,Macaco-prego
Monocondylaea paraguayana,
Garcialebias araucarianus,
Sympterygia acuta,
Trichomycterus rubbioli,Bagrinho-de-caverna
Hylaeamys oniscus,
Callicebus personatus,
Hermanella amere,
Holoscolex dossantosi,Minhoca
Procellosaurinus tetradactylus,
Aratinga solstitialis,
Grallaria varia distincta,
Pogonopoma parahybae,Cascudo-leiteiro
Celeus torquatus pieteroyensi,
Simpsonichthys santanae,Peixe-anual
Placosoma limaverdorum,
Hylopezus ochroleucus,
Sporophila falcirostris,
Dichotomius schiffleri,
Simpsonichthys boitonei,Peixe-anual
Leptolebias marmoratus,Peixe-anual
Leontopithecus chrysopygus,Mico-leão-preto
Alopoglossus collii,
Dendrocincla merula badia,
Campellolebias dorsimaculatus,Peixe-anual
Aegla perobae,
Bothrops alcatraz,Jararaca-de-Alcatrazes
Hypsolebias radiosus,
Otothyris juquiae,Cascudinho-anão
Paratrygon aiereba,Arraia Aramassá ou Maramassá
Liolaemus occipitalis,
Caparaonia itaiquara,
Sotalia guianensis,Boto
Nyctibius aethereus aethereus,
Sotalia fluviatilis,
Contomastix vacariensis,
Plesioptopoma curvidens,Cascudinho
Rhincodon typus,Tubarão-baleia
Cambeva mboycy,Candiru
Thalpomys lasiotis,
Lagothrix lagothricha poeppigii,
Sternarchorhynchus severii,Ituí
Thamnophilus nigrocinereus tschudii,
Chelonoidis denticulatus,Jabuti
Acyrtus pauciradiatus,Ventosa-de-Noronha
Prochilodus britskii,Curimatã
Sartor tucuruiensis,Aracu-boca-pra-cima
Hypsolebias janaubensis,Peixe-anual
Pyrrhura leucotis,
Characidium onca,
Oxyruncus cristatus tocantinsi,
Narcine brasiliensis,
Rhinoptera brasiliensis,
Notholebias minimus,Peixe-anual
Taoniscus nanus,
Aegla meloi,
Vireo gracilirostris,
Phylloscartes roquettei,
Melanophryniscus setiba,
Hemiancistrus megalopteryx,Cascudo
Psophia viridis,
Aegla leachi,
Bachia psamophila,
Sciades parkeri,
Spintherobolus ankoseion,Piabinha
Poecilotriccus albifacies,
Bachia didactyla,
Leopardus geoffroyi,Gato-do-mato-grande
Amphisbaena leucocephala,Cobra-de-duas-cabeças
Melanophryniscus klappenbachi,
Leopardus tigrinus,Gato-do-mato
Calyptura cristata,
Gymnodactylus vanzolinii,
Lutjanus purpureus,Pargo-cachucho
Aegla microphthalma,
Pyrrhura griseipectus,
Paratelmatobius lutzii,
Glaucis dohrnii,
Zapteryx brevirostris,Banjo
Asthenes luizae,
Cardisoma guanhumi,
Melanorivulus paracatuensis,Peixe-anual
Heteragrion mantiqueirae,
Malacoctenus brunoi,Macaquinho-de-Trindade
Sporophila beltoni,
Amphisbaena sanctaeritae,Cobra-de-duas-cabeças
Isurus oxyrinchus,
Hyporthodus niveatus,
Hylexetastes uniformis,
Momotus momota marcgravianus,
Xenops minutus alagoanus,
Hypsolebias gardneri,
Maratecoara formosa,Peixe-anual
Steindachneridion doceanum,Surubim-do-doce
Rhamdia enfurnada,Jundia
Aylacostoma tenuilabris,
Calidris pusilla,
Ischnocnema manezinho,
Cambeva tropeiro,Charutinho
Brachycephalus quiririensis,
Lasiocyano sazimai,
Anodontites ferrarisii,
Ituglanis bambui,Bagrinho-de-caverna
Carcharhinus perezi,Cação Bico-fino
Procnias albus wallacei,
Rhinella casconi,
Kentropyx viridistriga,
Pituna brevirostrata,Peixe-anual
Phyllomys unicolor,
Tropidurus erythrocephalus,
Tropidurus callathelys,
Phallotorynus fasciolatus,Guaru-listrado-da-cabeceira
Sympterygia bonapartii,
Mycteroperca acutirostris,
Garcialebias adloffi,Peixe-anual
Megalobulimus lopesi,
Eigenmannia vicentespelaea,Ituí-de-caverna
Thoropa lutzi,
Parotocinclus spilosoma,Cascudinho de pinta dourada
Cacicus koepckeae,
Ituglanis mambai,
Glaucomastix abaetensis,Lagartinho-de-Abaeté
Phaethon aethereus,
Nothura minor,
Carcharhinus falciformis,
Carcharhinus plumbeus,
Pteronura brasiliensis,Ariranha
Xiphocolaptes falcirostris,
Matilebias ibicuiensis,Peixe-anual
Archolaemus ferreirai,
Melanorivulus egens,Peixe-anual
Nemosia rourei,
Sphyrna lewini,
Mussismilia braziliensis,Coral Cérebro da Bahia
Dichotomius eucranioides,
Alouatta ululata,Guariba-da-Caatinga
Leposoma sinepollex,
Lepidothrix iris iris,
Pterodroma arminjoniana,
Plesiophysa dolichomastix,
Amphisbaena ridleyi,
Micrastur mintoni,
Leopardus wiedii,
Sternarchorhynchus mareikeae,Sarapó
Columbina cyanopis,
Melanophryniscus cambaraensis,
Harttia panara,
Marinussaurus curupira,
Calidris subruficollis,
Carcharias taurus,
Inia geoffrensis,Boto
Potamolithus troglobius,Caramujo-de-caverna
Baryancistrus niveatus,Acari
Xiphorhynchus guttatoides gracilirostris,
Canthon quadripunctatus,
Pulsatrix perspicillata pulsatrix,
Pontoporia blainvillei,Toninha
Herpailurus yagouaroundi,Gato Azul
Boana buriti,
Camelobaetidius spinosus,
Enyalius brasiliensis,
Harttia villasboas,
Thripophaga macroura,
Sterna hirundinacea,
Pyrilia vulturina,
Alopias vulpinus,Cação-pena
Pampasatyrus glaucope glaucope,
Hypostomus subcarinatus,Cascudo
Atractus thalesdelemai,
Pseudobatos lentiginosus,
Balistes capriscus,
Nematolebias catimbau,Peixe-anual
Cerradomys goytaca,
Amphisbaena uroxena,Cobra-de-duas-cabeças
Tropidurus chromatops,
Cycloramphus diringshofeni,
Formicivora grantsaui,
Mobula mobular,Jamanta
Calyptommatus sinebrachiatus,
Hypocnemis striata,
Hyphessobrycon flammeus,Tetra-vermelho
Ituglanis epikarsticus,Bagrinho-de-caverna
Squatina argentina,Cação Anjo de Asa Longa
Hypsolebias trilineatus,Peixe-anual
Ololygon alcatraz,
Megalops atlanticus,
Alouatta guariba,Barbado
Hypocnemis ochrogyna,
Xipholena atropurpurea,
Nyctimantis pomba,Perereca-de-capacete-do-Rio-Pomba
Formicivora iheringi,
Liolaemus lutzae,
Miroculis stenopterus,
Liolaemus arambarensis,
Sternarchorhynchus jaimei,Sarapó
Apostolepis gaboi,Cobra-rainha das dunas
Garcialebias pelotapes,
Ischnocnema karst,
Mimagoniates lateralis,Lambari-azul-listrado
Cetorhinus maximus,
Balaenoptera physalus,Baleia-comum
Cambeva crassicaudata,Candiru
Hypsolebias fasciatus,Peixe-anual
Hyporthodus flavolimbatus,
Neopelma aurifrons,
Prochilodus vimboides,Grumatã
Alopias superciliosus,Cação-raposa-olho-grande
Rioraja agassizii,Raia-santa
Neoplecostomus botucatu,Cascudo
Hypsolebias notatus,Peixe-anual
Amphisbaena carli,
Euparkerella robusta,
Capito dayi,
Grallaria varia intercedens,
Negaprion brevirostris,
Bathygobius brasiliensis,Bimba de Nego
Potamolithus karsticus,Caramujo-de-caverna
Tangara fastuosa,
Tolypeutes tricinctus,Tatu-Bola
Pyrrhura molinae,
Leporinus guttatus,Aracu
Mycteroperca bonaci,
Cambeva igobi,Candiru
Melanophryniscus formosus,
Ischnocnema garciai,
Glossoscolex lutocolus,Minhoca
Ituglanis ramiroi,Bagrinho-de-caverna
Sporophila melanogaster,Caboclinho-de-barriga-preta
Leptopanchax opalescens,Peixe-anual
Brycon vermelha,Vermelha
Ditaxodon taeniatus,Parelheira-listrada do campo
Onychorhynchus swainsoni,
Anablepsoides cearensis,
Dysithamnus plumbeus,
Brycon orbignyanus,Piracanjuba
Parotocinclus seridoensis,
Aegla camargoi,
Glaucomastix itabaianensis,
Touit melanonotus,
Anabazenops dorsalis,
Amphisbaena bahiana,Cobra-de-duas-cabeças
Arremonops conirostris,
Baryancistrus longipinnis,Acari
Balaenoptera musculus,Baleia-azul
Chrysocyon brachyurus,Guará
Stenocercus azureus,
Anomaloglossus tepequem,
Saimiri vanzolinii,Macaco-de-cheiro
Ateles chamek,Coatá-preto
Lonchophylla dekeyseri,
Haasica balzani,
Aegla leptochela,
Camelobaetidius maranhensis,
Penelope pileata,
Touit surdus,
Cynolebias parnaibensis,
Melanophryniscus biancae,
Ololygon faivovichi,
Crax fasciolata pinima,
Prognathodes obliquus,
Myliobatis ridens,
Psophia dextralis,
Plecturocebus brunneus,Zogue-zogue
Matilebias cyaneus,Peixe-anual
Hypanus marianae,Raia-mariquita
Mycteroperca interstitialis,Badejo-amarelo
Cynolebias elegans,
Brasiliscincus caissara,Calango-liso-da-restinga
Melanophryniscus macrogranulosus,
Hypsolebias ghisolfii,Peixe-anual
Rhegmatorhina gymnops,
Bothrops otavioi,Jararaca-de-Vitória
Lonchophylla bokermanni,
Megalobulimus proclivis,
Simpsonichthys punctulatus,Peixe-anual
Fimoscolex sporadochaetus,Minhoca-branca
Listrura nematopteryx,
Mobula tarapacana,Jamanta
Acrolebias carvalhoi,
Lophornis gouldii,
Colibri delphinae greenewalti,
Sphyrna gilberti,
Garcialebias botocudo,
Potamotrygon marquesi,
Hypsolebias picturatus,Peixe-anual
Potamotrygon leopoldi,
Simpsonichthys parallelus,Peixe-anual
Hypsolebias macaubensis,Peixe-anual
Ctenomys ibicuiensis,Tuco-tuco do Ibicuí
Hypancistrus zebra,Cascudo-zebra-imperial
Notholebias fractifasciatus,Peixe-anual
Stegastes rocasensis,Donzela-de-Rocas
Cypholebias cinereus,
Campellolebias brucei,Peixe-anual
Heterodactylus lundii,
Dichotomius mysticus,
Blastocerus dichotomus,Cervo do Pantanal
Hasemania maxillaris,Lambari
Synallaxis kollari,
Gonyostomus insularis,
Leptopanchax itanhaensis,Peixe-anual
Conopophaga cearae,
Notorynchus cepedianus,
Cnipodectes superrufus,
Hippocampus reidi,Cavalo-marinho
Scarus trispinosus,Bico Verde
Campylopterus calcirupicola,Asa-de-sabre-da-mata-seca
Crossodactylus dispar,
Hypsolebias fulminantis,Peixe-anual
Phalloptychus iheringii,Barrigudinho-riscado
Typhochlaena seladonia,
Lepidocharax diamantina,
Parides ascanius,
Matilebias paucisquama,Peixe-anual
Myrmoderus ruficauda,
Tayassu pecari,Porcão
Epiperipatus ohausi,
Cycloramphus faustoi,
Trigonectes strigabundus,
Hypsolebias alternatus,Peixe-anual
Matilebias camaquensis,
Hippocampus erectus,Cavalinho-do-mar
Atractus caete,Cobra-da-terra da floresta
Sparisoma frondosum,Bobo
Hypsolebias hamadryades,
Amphisbaena persephone,
Physalaemus soaresi,
Psilops mucugensis,
Calyptommatus leiolepis,
Alexandresaurus camacan,
Procellaria aequinoctialis,Pardela-preta
Elacatinus figaro,
Pyrrhura perlata,
Alouatta guariba clamitans,Barbado
Anodorhynchus hyacinthinus,
Aegla cavernicola,
Thalassarche chlororhynchos,
Granatellus pelzelni paraensis,
Alouatta belzebul,Guariba-de-mãos-ruivas
Trinomys yonenagae,
Lepidochelys olivacea,Tartaruga-comum
Pterodroma incerta,
Otophidium chickcharney,
Austrolebias ephemerus,
Garcialebias lourenciano,
Hypsolebias gibberatus,Peixe-anual
Pteroglossus bitorquatus bitorquatus,
Hypsolebias flammeus,Peixe-anual
Amphisbaena heathi,Cobra-de-duas-cabeças
Carcharhinus acronotus,
Hyphessobrycon duragenys,Lambari
Scartella poiti,
Ololygon peixotoi,
Leposoma nanodactylus,
Hypsolebias mediopapillatus,Peixe-anual
Guaruba guarouba,
Celeus flavus subflavus,
Thunnus thynnus,
Trichogenes claviger,
Pimelodella kronei,Bagre-cego-de-iporanga
Hollandichthys taramandahy,Lambari-listrado
Xenurolebias myersi,Peixe-anual
Brachycephalus mirissimus,
Monasa morphoeus morphoeus,
Antilophia bokermanni,
Enyalius erythroceneus,Papa-vento-da-chapada
Iodopleura pipra pipra,
Cyclopes rufus,Tamanduaí vermelho
Hypsolebias longignatus,Peixe-anual
Laterallus xenopterus,
Coleodactylus natalensis,
Coryphistera alaudina,
Proceratophrys ararype,
Leposternon mineiro,
Bothrops itapetiningae,
Ateles marginatus,Cuamba
Rhipidomys cariri,
Myrmotherula urosticta,
Melanorivulus rutilicaudus,
Pempheris gasparinii,Piaba-de-Trindade
Minagrion canaanense,
Crossodactylus boulengeri,
Trinomys moojeni,
Ophthalmolebias constanciae,Peixe-anual
Hypsolebias rufus,Peixe-anual
Attila spadiceus uropygiatus,
Corallus cropanii,Jibóia amarela
Parotocinclus spilurus,Cascudinho
Cavia intermedia,
Carcharhinus signatus,Tubarão-toninha
Bothrops insularis,Jararaca-ilhôa
Enneanectes smithi,
Trinomys eliasi,
Pristis pristis,
Castalia martensi,
Ancistrus formoso,cascudo-cego
Parides bunichus chamissonia,
Leila blainvilliana,
Glaucomastix cyanura,Calango
Bradypus torquatus,Preguiça-de-coleira do Nordeste
Ozotoceros bezoarticus bezoarticus,Veado
Lagothrix lagothricha cana,
Eretmochelys imbricata,
Diomedea dabbenena,
Parides panthonus castilhoi,
Sphyrna tiburo,
Saguinus bicolor,Sagui-bicolor
Celeus torquatus tinnunculus,
Proceratophrys palustris,
Aegla rosanae,
Ateles belzebuth,Coatá
Cichlopsis leucogenys,
Sporophila maximiliani,
